date,scan_time,rank,symbol,tier,entry,pre,level,day_ret,close_pos,rvol,atr_pct,mcap_cr,partial_frac,tradeable,age,arm,conviction,ext_pct,ret_12m,dist_200dma
2026-08-03,18:16,1,DALMIASUG,A,419.8,4,419.0,15.7,0.979,41.87,3.75,3262.75,1.0,,,,,,,
2026-08-04,21:34,1,MOREPENLAB,A,69.18,5,64.58,20.0,1.0,5.59,4.6,3259.13,1.0,0.0,0.0,fresh_A,3.0,7.12,19.9,54.9
2026-08-04,21:34,2,RBA,B,84.91,6,81.9,7.62,1.0,15.41,3.88,4120.71,1.0,0.0,0.0,fresh_B,2.0,3.68,4.7,28.3
2026-08-05,09:30,1,SJS,B,2510.0,7,2439.9,3.3,1.0,3.87,3.53,7903.93,0.053,1.0,0.0,fresh_B,1.0,2.87,102.7,36.8
2026-08-05,10:00,1,SAURASHCEM,B,70.87,4,76.35,8.2,0.996,51.93,5.5,668.5,0.133,1.0,137.0,aged_B,3.0,-7.18,-34.3,-0.2
2026-08-05,10:30,1,SHRIPISTON,B,4529.0,6,4522.8,5.62,0.988,4.62,3.93,19898.62,0.213,1.0,0.0,fresh_B,1.0,0.14,91.3,38.7
2026-08-05,11:30,1,UNIPARTS,B,797.4,6,752.0,3.69,0.981,10.02,3.78,3350.83,0.373,1.0,0.0,fresh_B,1.0,6.04,122.1,49.7
2026-08-05,12:00,1,KABRAEXTRU,B,440.0,7,408.0,6.02,0.996,4.81,6.2,1458.85,0.453,1.0,2.0,aged_B,3.0,7.84,57.3,78.9
2026-08-05,13:00,1,KECL,B,150.21,4,148.0,9.8,1.0,15.62,5.72,956.34,0.613,1.0,0.0,fresh_B,3.0,1.49,15.1,40.7
