pre,close,day_ret,close_pos,rvol,partial_frac,vol_today,vma50,vma_bars,range_pct,gap_pct,atr_pct,turnover_cr,ret_12m,dist_200dma,base_from_high,ret_3m_prior,ext_pct,age,fresh,tier,reject,symbol,level,mcap_cr,conviction,conv_why,rank
4,2549.699951171875,4.54303387857975,0.8494251002753831,2.2501995648111532,1.0,1285749.0,571393.32,50,10.236498607612281,-2.012860492416635,4.078631587933723,132.4106644011743,63.505188614442474,38.64856345117032,-1.6205533596837962,17.201113962758697,0.7786541965167926,0.0,True,,base was -1.6% off its 252d high (already at highs),AZAD,2530.0,16197.13,,,
5,252.77000427246094,0.8297107227245082,0.497745003377583,1.3240817154664137,1.0,6589713.0,4976817.46,50,2.63085013553743,0.9991521938911951,2.6054175387979583,100.02110648327911,86.24373857867506,29.27130686549022,-1.5039655897352455,17.596057279989918,0.3055572509765625,,,,not tradeable,BELRISE,252.0,21466.7,,,
6,730.0999755859375,2.6791348175250196,0.5032493145020889,6.4814358830986505,1.0,2184772.0,337081.48,50,7.3757022052744245,1.9499570360464125,3.2666757876451804,23.3837038622229,42.070430220037736,42.38074352982104,-2.4136000707109417,31.992804690050235,2.1547468288704907,0.0,True,,no tier,AKUMS,714.7,11300.35,,,
1,844.75,0.26706231454005636,0.5783136664689358,0.5006766771410377,1.0,486628.0,971940.62,50,1.4738102642238828,0.16049165389704356,1.7236717255408933,46.93492909532654,12.288982281955496,13.119900153992203,-2.248689783374491,27.22528826335946,-0.14775413711584084,,,,not tradeable,CHOICEIN,846.0,16592.39,,,
4,3861.199951171875,-1.3490048244283348,0.2532961503403735,1.1541665341426757,1.0,57335.0,49676.54,50,3.7320029907416625,1.6148281422551758,3.8700020978548815,11.822448997108154,83.59563367786905,36.07172862482288,-1.6394267408548213,31.19209975572632,-1.3993883766119763,0.0,True,,base was -1.6% off its 252d high (already at highs),CENTUM,3916.0,5710.07,,,
8,269.0299987792969,14.48085054438164,0.9813631803825472,8.888340022076376,1.0,7390934.0,831531.42,50,15.158166086727185,4.523416842111416,6.78920546873006,34.13587946558868,101.1589559812363,67.53178719361853,-1.3903500740988228,46.938115092220386,17.995613499691608,0.0,True,,base was -1.4% off its 252d high (already at highs),COMSYN,228.0,1069.6,,,
5,1056.199951171875,-1.280500320550082,0.5365841122432611,0.5075828870790758,1.0,123868.0,244035.02,50,3.6877487029595333,2.162809683844591,3.9217421016455734,5.180864847812195,69.73884309712737,46.39351814962793,-1.6666666666666718,45.72461760560784,-0.8262956646126751,0.0,True,,base was -1.7% off its 252d high (already at highs),DIVGIITTS,1065.0,3271.21,,,
4,927.1500244140625,3.246105168603841,0.520276411786576,2.755578145953873,1.0,351411.0,127527.14,50,6.250338206446614,0.6162464985994376,4.442185210229503,13.785219909235535,-13.098696860256442,26.39642735331611,-21.531564898657706,16.995481230038667,-1.680803349516169,0.0,True,,no tier,COSMOFIRST,943.0,2431.68,,,
1,5571.0,-0.25067144136078356,0.5811965811965812,2.1217006742031277,1.0,6659.0,3138.52,50,2.10016155088853,1.5362239796382182,2.9733056388952996,1.5195130300000002,6.043589987627307,11.159021034955474,-19.653812445223483,14.503106366603102,-0.428954423592498,,,,not tradeable,FOSECOIND,5595.0,4204.89,,,
2,715.6500244140625,5.709013945947183,0.9271954216599158,2.7535420617967827,1.0,515219.0,187111.36,50,6.525539414645872,0.1701597182222958,2.912936070471841,16.273993859309996,16.214686359276655,12.061871870738127,-16.00696513020251,11.462027343670567,3.988669632964603,,,,not tradeable,HCG,688.2,10244.57,,,
3,5860.0,1.0693342531907568,0.5864022662889519,1.3046884804438872,1.0,989925.0,758744.34,50,3.0119453924914676,1.275109170305666,2.7167221210689907,426.49095819906495,30.952649844319357,8.575389876151629,-10.3858495734523,14.614614614614618,0.2566295979469668,,,,not tradeable,HEROMOTOCO,5845.0,117292.14,,,
4,625.9000244140625,1.114705074969713,0.9217099227090745,0.5296938739383423,1.0,1266026.0,2390108.82,50,2.244767447189811,1.1851246424192885,3.0447588435080277,135.73912682580323,38.39690976540906,19.103465164506538,-9.370370370370374,31.956426217864298,0.46549348540330104,0.0,True,,no tier,IIFL,623.0,26383.88,,,
1,5423.5,-3.195002231146804,0.04447115384615385,2.854026540628977,1.0,5652.0,1980.36,50,7.670323591776527,-0.7792437793323281,2.955392537765544,1.1624070025,14.550329238677895,8.094544419967797,-13.85833370268469,16.795945806184708,-6.1353409484250605,,,,not tradeable,KICL,5778.0,2484.85,,,
4,279.04998779296875,2.178682371467189,0.8944430881076388,1.1364587261288548,1.0,2495676.0,2196011.12,50,3.2252285947696335,0.6263862362795969,2.8207946991104307,46.88722568014267,31.98221513486019,35.44087582128383,-2.706584685482427,18.190126780247382,0.0358443423440713,,,,not tradeable,JINDALSAW,278.95,17756.83,,,
7,478.25,3.3607061557653584,0.9054404444116961,2.2423767793642835,1.0,2219927.0,989988.4,50,8.071095077267376,0.26002431354956723,4.262564408931372,21.837638553559266,67.86592146217015,51.81433600191598,-1.388888888888884,39.59467376884975,2.1901709401709324,0.0,True,,base was -1.4% off its 252d high (already at highs),NRBBEARING,468.0,4588.07,,,
6,528.8499755859375,3.432424840986892,0.8913784684806034,0.4717277395103864,1.0,443880.0,940966.5,50,5.483596736081826,1.2876386999172817,5.117573736892308,16.976141743827363,51.05683129567558,65.09386811185054,-2.6422395770552054,75.94980778392917,1.9961380107883286,0.0,True,,no tier,PANAMAPET,518.5,3157.46,,,
5,1986.5,5.217161016949157,0.6700798511242856,12.519730634528027,1.0,1309358.0,104583.56,50,11.306322560093127,9.94642753813062,3.740607727298776,16.137184544197385,31.47792493883759,30.726911645946164,-11.388620179666786,12.566368480621115,2.507869343103364,0.0,True,,no tier,PIXTRANS,1937.9,2683.93,,,
4,1179.699951171875,5.71735149762298,0.8971493329848204,2.1866105375832308,1.0,268667.0,122869.16,50,6.840722500652419,0.0,3.1251897855737516,10.549401511948243,1.9795903680111637,30.784415376857833,-5.424188378314709,24.4382519558475,0.4855154320166033,0.0,True,,no tier,POLYPLEX,1174.0,3691.75,,,
4,377.20001220703125,9.651166339253269,0.6939801372413253,23.563327541968526,1.0,21230478.0,900996.6,50,15.853658023525721,1.2807319834197806,3.7825709313489746,45.445143964967194,28.0162973088498,23.225975819041867,-14.671522594508657,20.357894827908773,-1.3082124000441508,0.0,True,,no tier,RAMCOIND,382.2,3277.57,,,
3,561.25,5.517949659481447,0.8223684210526315,1.7120755885885939,1.0,2053431.0,1199381.04,50,6.770601336302895,-0.19701431070816566,3.7811021018930955,41.605162574941865,-11.271834506193201,23.915395356695267,-19.857141021499057,19.80442955934567,1.6941474904874188,0.0,True,,no tier,SUMICHEM,551.9,27935.39,,,
5,1516.4000244140625,4.977502555490654,0.9407409990906085,2.688329832221526,1.0,3862927.0,1436924.5,50,6.231864842953615,1.389769741470026,3.94260952003292,214.6794113795508,110.37736544046797,56.999493797020584,-6.127693417146851,37.56577198730086,-0.08565431810881874,0.0,True,,no tier,SYRMA,1517.7,29250.92,,,
1,9524.5,1.426974069538356,0.5601503759398496,1.8943679884921367,1.0,8639.0,4560.36,50,4.189196283269463,-0.037257824143066554,3.59261453544618,3.169227675,-12.426443545421106,20.41254682429212,-21.441712660980095,22.126885075403013,-0.9360861199230297,0.0,True,,no tier,TASTYBITE,9614.5,2431.22,,,
5,622.0999755859375,3.631515614904046,0.901058516007143,0.4560098319844543,1.0,341789.0,749521.12,50,4.549115887919787,-0.48901984368524554,3.7218404953273563,72.07958061050019,38.63466868478942,34.60103777985071,-2.29978329035484,26.37477580113037,0.7530934627803854,0.0,True,,no tier,THYROCARE,617.45,9830.46,,,
5,7380.0,1.4223871366728424,0.41353383458646614,1.1272333970109,1.0,35310.0,31324.48,50,4.505420054200542,0.9573361082205967,3.1925087108013934,14.378626507499998,42.278773857721234,41.271056529517594,-3.6237213344922137,67.33221105613087,-1.3171090459316748,0.0,True,,no tier,VADILALIND,7478.5,5344.39,,,
6,2438.39990234375,6.447808718741821,0.7379347831054403,3.0700295865738987,1.0,290623.0,94664.56,50,14.021490062863414,2.1858411503459463,5.901117993840472,19.379488566723023,56.99201513005456,59.78157869010814,-9.78711258922299,37.68810176200075,-1.87130659810254,0.0,True,,no tier,VINDHYATEL,2484.9,2921.28,,,
2,898.75,2.784763827317427,0.5810664877896513,3.930167957644616,1.0,1064015.0,270730.16,50,5.112657825538943,0.4480211848434834,2.5150001202997716,21.801543368920594,27.826771612531353,20.201390175910248,-2.180022910645052,3.9837513723158358,0.9944937633441953,,,,not tradeable,YATHARTH,889.9,8761.8,,,
3,823.0,6.723720929054533,1.0,13.890778257161767,1.0,3125449.0,225001.72,50,7.290400972053463,12.437129381721013,3.5371472822711443,22.05787275084869,-5.3315669048817576,15.009067501819073,-27.507663747567722,-3.767368620907796,1.1056511056511065,0.0,True,B,,AARTIPHARM,814.0,7461.55,2.0,"['day>=+6%', 'trend not exhausted']",2.0
7,266.9200134277344,4.674515069699758,1.0,3.0814860874152212,1.0,288226.0,93534.74,50,8.099809808224718,0.3107640396792233,4.819261137333585,1.8792773505467224,56.413725739508095,67.6002114769565,-1.4689896457879104,38.958130163624524,3.4573695456334708,,,,not tradeable,BIRLACABLE,258.0,756.25,,,
1,43505.0,1.3039934800326058,1.0,1.0073613817176092,1.0,40473.0,40177.24,50,2.034248936903804,-0.011641443539001095,2.4537409493161704,117.598883375,5.812963638574731,17.376307010337367,-1.6036655211912998,17.63900301287318,-0.33218785796105266,,,,not tradeable,BOSCHLTD,43650.0,126565.07,,,
6,602.7999877929688,5.439911653294693,0.9735094901806801,1.549617143886161,1.0,3378075.0,2179941.68,50,8.767424965384215,-0.6516639013730452,5.837640131093382,124.18328380392852,182.06446532943482,99.33601641236515,-8.324039984687248,68.00969192135551,-3.9668650959106766,999.0,False,,no tier,E2E,627.7,12389.52,,,
1,1920.0,2.558625342595322,1.0,0.8962012624299258,1.0,1593119.0,1777635.3,50,3.0208333333333335,0.3161517826831828,3.4668895176478793,303.76432930029233,31.967830626248638,15.43161336312384,-4.4199768926056375,18.518987686217116,-1.6645326504481472,999.0,False,,no tier,CHOLAFIN,1952.5,162640.29,,,
6,59.5,4.385964912280693,0.9765619761313328,3.0442434528075557,1.0,472081.0,155073.34,50,4.302523316455488,0.47593946755217775,5.338535560708658,1.214903339821205,44.31239549020063,65.01512802056916,-0.9082977428186423,69.54572951127867,3.9301310043668103,,,,not tradeable,GULFPETRO,57.25,303.45,,,
1,578.0,2.3189900902421234,1.0,0.6823483350101982,1.0,1945453.0,2851114.16,50,2.7076166806336506,0.08858964889646437,2.032871972318339,116.84064700127931,7.4948831835718766,11.17073508423081,-8.576974692777672,8.96804925423278,-6.37401798007613,,,,not tradeable,JSWENERGY,617.35,99406.5,,,
5,351.25,0.07122507122507837,1.0,0.8016568414374091,1.0,20368.0,25407.38,50,0.0711743772241993,1.916378112799677,1.6410780316630655,0.5161531436764526,64.79778596502103,56.619811954441055,-1.5578139522509193,36.883937019774194,0.40017150207229957,,,,not tradeable,LOKESHMACH,349.85,709.19,,,
2,393.5,1.5221862238331996,1.0,0.7282115076709903,1.0,11660555.0,16012593.7,50,1.7789072426937738,-0.8061404725487886,1.7190060396552802,519.3028993391675,-1.7723429843585659,-2.2124830237515325,-13.779790495350374,3.922872340425543,-9.519429753966424,,,,not tradeable,KOTAKBANK,434.9,390147.08,,,
1,4080.0,0.8154188287620379,1.0,0.5300186147992869,1.0,1082548.0,2042471.66,50,1.328431372549015,-0.2218934911242587,1.5245104023054532,726.0482395794409,12.446260329919557,2.6044298960135936,-8.64864864864865,3.5803654278474317,-8.108108108108103,,,,not tradeable,LT,4440.0,558930.25,,,
2,39.68000030517578,1.7435905260917428,1.0,0.9324888615722263,1.0,21210.0,22745.58,50,6.5272184608273385,-0.1024613590913992,5.765769459288914,0.07294390876052857,37.20608644708108,23.176641745406457,-11.05034983268871,6.841817015219753,-9.59216152842155,,,,not tradeable,NGIL,43.89,67.63,,,
2,863.5,0.0869313242538361,1.0,0.6128456106638189,1.0,1304233.0,2128159.16,50,1.2912593415243196,0.08700696055683466,2.168913484753702,157.90379201712432,20.592139476394134,10.724895464061145,-3.0480234315694354,3.855421686746996,-2.879316162411427,,,,not tradeable,MARICO,889.1,110645.37,,,
7,115.0199966430664,0.3927703146031414,0.9999925401526373,0.7123804758806411,1.0,111173.0,156058.46,50,0.3912365834718567,-1.993158084381097,2.0996352295722063,1.0190402579711915,57.69124320425354,75.91338100792291,-0.6459307433076433,119.11903443180888,-2.243756040229128,,,,not tradeable,NRL,117.66,794.34,,,
2,61.0,0.3289486273834408,0.9836061985641744,0.31594320776494517,1.0,11327.0,35851.38,50,2.000002001152664,0.11526378289454797,4.379391279376922,0.2202773787003708,-33.70285992420358,8.787245185762105,-37.84032606018523,-2.4417678036364188,-7.57575757575758,,,,not tradeable,OILCOUNTUB,66.0,311.5,,,
6,481.45001220703125,2.8739342322716244,1.0,0.983074059163372,1.0,17142.0,17437.14,50,3.4167643140400377,2.060846681626738,4.745338167609527,0.4423163800131226,86.24758692728483,33.544792908036044,-2.880441867907202,26.461660252168116,3.984883846011078,,,,not tradeable,PANACHE,463.0,742.11,,,
3,3.1700000762939453,0.6349200101906982,1.0,1.9294381711135198,1.0,5089283.0,2637702.04,50,1.5772930451572298,4.304639578210678,3.2221722224891614,0.5609427944044555,-53.10650933486297,-20.64414922990333,-73.27433690308534,17.054266288055487,1.277957709071731,,,,not tradeable,SADHNANIQ,3.13,939.81,,,
1,1685.0,1.622340317842208,0.9877293216415525,0.8238434410636257,1.0,879779.0,1067895.86,50,1.9347195497959966,-0.11445930205196131,2.2539211530309458,209.09180384579835,12.423268288352407,14.203336668431055,-1.5654663206753239,14.246386785960086,-0.08301707779886369,,,,not tradeable,PIDILITIND,1686.4,171468.78,,,
6,1105.050048828125,19.07866905475486,1.0,20.923416921202055,1.0,10974156.0,524491.58,50,16.632735234303627,0.7709822345216111,4.2283158263344,105.49229568499848,105.13273135093901,99.74568356673556,0.0,60.50545087826797,19.996747619516242,1.0,False,,base was +0.0% off its 252d high (already at highs),SBCL,920.9,6023.29,,,
7,270.6700134277344,2.6081370256451075,1.0,2.7519867283868034,1.0,37026.0,13454.28,50,3.8090765746847417,2.327475775289578,5.141474526821647,0.484652162109909,163.29767061529878,86.80405270309919,0.0,78.93384843438287,4.996320038688218,,,,not tradeable,UEL,257.79,3666.11,,,
3,18820.0,0.679398705397749,1.0,0.311078822379659,1.0,42545.0,136765.98,50,1.8650371944739639,0.2305630026809613,2.3823440109306206,159.407583105,31.00375887512181,25.16006622443887,-2.798770000521189,19.66634584536413,-1.9127534267993962,,,,not tradeable,SOLARINDS,19187.0,169682.05,,,
6,1693.4000244140625,7.859874166500802,1.0,8.301648830610011,1.0,1906776.0,229686.42,50,11.32042461783465,11.25283831651609,5.096678505956528,33.393187569398805,134.54293966953776,83.64841831153807,-4.325427039194918,35.666219709204604,14.80678131620763,0.0,True,B,,UNIVCABLES,1475.0,5735.15,3.0,"['atr>=5%', 'day>=+6%', 'trend not exhausted']",1.0
2,169.97000122070312,3.0121219519412934,0.994000244140625,0.06545991275381513,1.0,259.0,3956.62,50,2.941695572213114,-1.8149378139662664,3.7960480917773722,0.05946890915023803,11.026197195508459,8.441768235827185,-13.01759539013968,9.279493032732478,-5.514480393182975,,,,not tradeable,WIPL,179.89,188.66,,,
5,238.16000366210938,0.4894530219870852,1.0,27.406789092932666,1.0,9850.0,359.4,50,5.000841232353501,9.463768885051227,3.5792258278962903,0.01770072328956604,8.254547119140621,13.011295561191428,-38.43025785162668,5.5374121122731434,-1.1743210663889059,,,,not tradeable,ZENITHEXPO,240.99,128.49,,,
