symbol,mcap_cr,updated
20MICRONS,753.60,2026-09-28
21STCENMGM,41.90,2026-09-28
360ONE,42842.87,2026-09-28
3BBLACKBIO,1303.88,2026-09-28
3IINFOLTD,502.21,2026-09-28
3MINDIA,37906.26,2026-09-28
3PLAND,54.67,2026-09-28
5PAISA,1368.08,2026-09-28
63MOONS,3848.36,2026-09-28
A2ZINFRA,261.67,2026-09-28
AAATECH,126.15,2026-09-28
AADHARHFC,19095.30,2026-09-28
AAKASH,92.36,2026-09-28
AAREYDRUGS,287.99,2026-09-28
AARON,254.14,2026-09-28
AARTECH,161.93,2026-09-28
AARTIDRUGS,3962.03,2026-09-28
AARTIIND,17449.30,2026-09-28
AARTIPHARM,8437.34,2026-09-28
AARTISURF,428.24,2026-09-28
AARVI,201.61,2026-09-28
AASTHA,117.15,2026-09-28
AAVAS,9943.06,2026-09-28
ABAN,82.48,2026-09-28
ABANSENT,187.92,2026-09-28
ABB,147569.94,2026-09-28
ABBOTINDIA,57267.75,2026-09-28
ABCAPITAL,101008.40,2026-09-28
ABCOTS,443.17,2026-09-28
ABDL,20522.89,2026-09-28
ABFRL,5863.77,2026-09-28
ABINFRA,820.82,2026-09-28
ABLBL,9390.39,2026-09-28
ABMINTLLTD,42.70,2026-09-28
ABMKNO,344.39,2026-09-28
ABREL,13143.56,2026-09-28
ABSLAMC,28515.23,2026-09-28
ACC,22879.81,2026-09-28
ACCELYA,1659.66,2026-09-28
ACCURACY,48.02,2026-09-28
ACE,14474.48,2026-09-28
ACEINTEG,17.79,2026-09-28
ACGL,1032.12,2026-09-28
ACI,5851.48,2026-09-28
ACL,376.44,2026-09-28
ACMESOLAR,27865.36,2026-09-28
ACSTECH,499.04,2026-09-28
ACUTAAS,26330.81,2026-09-28
ADANIENSOL,156714.01,2026-09-28
ADANIENT,369763.09,2026-09-28
ADANIGREEN,209493.07,2026-09-28
ADANIPORTS,403843.98,2026-09-28
ADANIPOWER,383625.30,2026-09-28
ADDIND,82.68,2026-09-28
ADFFOODS,2935.73,2026-09-28
ADL,38.71,2026-09-28
ADOR,2844.58,2026-09-28
ADROITINFO,71.74,2026-09-28
ADSL,682.65,2026-09-28
ADVAIT,2047.11,2026-09-28
ADVANCE,792.33,2026-09-28
ADVANIHOTR,443.15,2026-09-28
ADVENTHTL,673.98,2026-09-28
ADVENZYMES,3188.77,2026-09-28
ADVIKCA,59.63,2026-09-28
AEGISLOG,47148.65,2026-09-28
AEGISVOPAK,32867.50,2026-09-28
AEPL,398.90,2026-09-28
AEQUS,16738.56,2026-09-28
AEROENTER,1375.31,2026-09-28
AEROFLEX,6784.71,2026-09-28
AERONEU,175.49,2026-09-28
AEROPLANE,2104.04,2026-09-28
AETHER,22534.39,2026-09-28
AFCONS,9398.30,2026-09-28
AFFLE,21762.88,2026-09-28
AFFORDABLE,205.23,2026-09-28
AFIL,340.79,2026-09-28
AFSL,1025.81,2026-09-28
AGARIND,589.32,2026-09-28
AGARWALEYE,15743.52,2026-09-28
AGASTYAEN,227.39,2026-09-28
AGI,5206.17,2026-09-28
AGIIL,3236.10,2026-09-28
AGRITECH,54.89,2026-09-28
AGROPHOS,49.39,2026-09-28
AHCL,1443.18,2026-09-28
AHLADA,49.92,2026-09-28
AHLEAST,236.87,2026-09-28
AHLUCONT,3852.38,2026-09-28
AHLWEST,605.86,2026-09-28
AIAENG,36046.65,2026-09-28
AIIL,46931.17,2026-09-28
AIRAN,214.85,2026-09-28
AIROLAM,168.85,2026-09-28
AJANTPHARM,43993.35,2026-09-28
AJAXENGG,6726.01,2026-09-28
AJMERA,2365.15,2026-09-28
AJOONI,54.95,2026-09-28
AKASH,48.02,2026-09-28
AKCAPIT,1161.72,2026-09-28
AKG,28.38,2026-09-28
AKI,64.65,2026-09-28
AKSHAR,24.52,2026-09-28
AKSHARCHEM,313.24,2026-09-28
AKSHOPTFBR,113.16,2026-09-28
AKUMS,12380.26,2026-09-28
ALANKIT,212.59,2026-09-28
ALBERTDAVD,493.78,2026-09-28
ALEMBICLTD,2746.67,2026-09-28
ALFREDHE,212.18,2026-09-28
ALGOQUANT,1976.73,2026-09-28
ALICON,1173.28,2026-09-28
ALIVUS,16801.84,2026-09-28
ALKALI,93.10,2026-09-28
ALKEM,62307.92,2026-09-28
ALKYLAMINE,9289.09,2026-09-28
ALLCARGO,1666.00,2026-09-28
ALLDIGI,1181.76,2026-09-28
ALLTIME,1269.69,2026-09-28
ALMONDZ,384.98,2026-09-28
ALOKINDS,3589.56,2026-09-28
ALPA,118.85,2026-09-28
ALPHAGEO,173.59,2026-09-28
ALUFLUOR,476.56,2026-09-28
AMAGI,12780.36,2026-09-28
AMAL,801.49,2026-09-28
AMANTA,713.12,2026-09-28
AMARJOTHI,99.93,2026-09-28
AMBALALSA,305.83,2026-09-28
AMBER,24418.40,2026-09-28
AMBICAAGAR,43.59,2026-09-28
AMBIKCO,877.07,2026-09-28
AMBUJACEM,93737.63,2026-09-28
AMDIND,109.83,2026-09-28
AMJLAND,156.14,2026-09-28
AMNPLST,949.33,2026-09-28
AMRUTANJAN,1494.75,2026-09-28
ANANDRATHI,35476.85,2026-09-28
ANANTRAJ,21726.58,2026-09-28
ANDHRAPAP,1451.76,2026-09-28
ANDHRSUGAR,1295.38,2026-09-28
ANDREWYU,1225.27,2026-09-28
ANGELONE,25517.55,2026-09-28
ANIKINDS,128.00,2026-09-28
ANMOL,76.17,2026-09-28
ANNAPURNA,257.72,2026-09-28
ANNU,317.66,2026-09-28
ANSALBU,70.51,2026-09-28
ANTELOPUS,4224.65,2026-09-28
ANTGRAPHIC,11.25,2026-09-28
ANTHEM,48790.08,2026-09-28
ANUHPHR,908.18,2026-09-28
ANUP,3316.32,2026-09-28
ANURAS,13584.06,2026-09-28
APARINDS,70071.31,2026-09-28
APCL,283.17,2026-09-28
APCOTEXIND,3052.61,2026-09-28
APEX,1067.63,2026-09-28
APLAPOLLO,60623.54,2026-09-28
APLLTD,16783.86,2026-09-28
APOLLO,14245.95,2026-09-28
APOLLOHOSP,127296.80,2026-09-28
APOLLOPIPE,1725.38,2026-09-28
APOLLOTYRE,24774.97,2026-09-28
APOLSINHOT,309.83,2026-09-28
APOORVA,66.92,2026-09-28
APTECHT,523.02,2026-09-28
APTUS,12006.29,2026-09-28
AQYLON,452.86,2026-09-28
ARCHIDPLY,208.92,2026-09-28
ARCHIES,41.14,2026-09-28
ARCIL,4642.78,2026-09-28
ARCL,190.58,2026-09-28
ARDEE,1604.69,2026-09-28
ARE&M,14271.07,2026-09-28
ARENTERP,10.47,2026-09-28
ARFIN,1499.93,2026-09-28
ARIES,610.77,2026-09-28
ARIHANT,1003.95,2026-09-28
ARIHANTCAP,1003.20,2026-09-28
ARIHANTSUP,1039.87,2026-09-28
ARIS,1107.49,2026-09-28
ARKADE,2304.26,2026-09-28
ARMANFIN,1826.31,2026-09-28
AROGRANITE,37.03,2026-09-28
ARROWGREEN,1345.24,2026-09-28
ARSSBL,3141.37,2026-09-28
ARTNIRMAN,91.57,2026-09-28
ARVEE,256.27,2026-09-28
ARVIND,14417.09,2026-09-28
ARVINDFASN,5460.88,2026-09-28
ARVSMART,2728.84,2026-09-28
ARYAMAN,537.09,2026-09-28
ASAHIINDIA,24082.15,2026-09-28
ASAHISONG,457.23,2026-09-28
ASAL,691.52,2026-09-28
ASALCBR,1298.18,2026-09-28
ASHAPURMIN,4866.35,2026-09-28
ASHIANA,3692.01,2026-09-28
ASHIKAG,2959.72,2026-09-28
ASHIMASYN,305.13,2026-09-28
ASHOKA,3099.43,2026-09-28
ASHOKAMET,39.74,2026-09-28
ASHOKLEY,91702.91,2026-09-28
ASIANENE,2284.33,2026-09-28
ASIANHOTNR,1628.41,2026-09-28
ASIANPAINT,232219.73,2026-09-28
ASIANTILES,1509.97,2026-09-28
ASIANTNE,20.38,2026-09-28
ASKAUTOLTD,12733.52,2026-09-28
ASMS,195.66,2026-09-28
ASPINWALL,192.89,2026-09-28
ASSAMENT,112.49,2026-09-28
ASTAR,1123.35,2026-09-28
ASTEC,1593.21,2026-09-28
ASTERDM,64948.31,2026-09-28
ASTRAL,36834.90,2026-09-28
ASTRAMICRO,15123.82,2026-09-28
ASTRAZEN,15784.58,2026-09-28
ATALREAL,153.25,2026-09-28
ATAM,64.11,2026-09-28
ATGL,65822.90,2026-09-28
ATHERENERG,56583.14,2026-09-28
ATL,668.85,2026-09-28
ATLANTAA,293.71,2026-09-28
ATLANTAELE,12064.57,2026-09-28
ATLASCYCLE,60.08,2026-09-28
ATUL,17648.23,2026-09-28
ATULAUTO,1223.60,2026-09-28
AUBANK,74765.66,2026-09-28
AUGMONT,8823.48,2026-09-28
AURIONPRO,3519.69,2026-09-28
AUROPHARMA,97804.13,2026-09-28
AURUM,1681.67,2026-09-28
AURUS,11.61,2026-09-28
AUSOMENT,197.29,2026-09-28
AUSTENG,56.12,2026-09-28
AUTOAXLES,2552.44,2026-09-28
AUTOIND,381.69,2026-09-28
AVADHSUGAR,1574.50,2026-09-28
AVALON,15522.72,2026-09-28
AVANCE,209.60,2026-09-28
AVANTEL,4138.47,2026-09-28
AVANTIFEED,10147.04,2026-09-28
AVG,257.57,2026-09-28
AVL,7831.12,2026-09-28
AVONMORE,378.43,2026-09-28
AVROIND,9.38,2026-09-28
AVTNPL,1342.50,2026-09-28
AWFIS,1827.34,2026-09-28
AWHCL,1054.31,2026-09-28
AWL,23461.00,2026-09-28
AXISBANK,376330.40,2026-09-28
AXISCADES,8110.23,2026-09-28
AXITA,315.56,2026-09-28
AXTEL,711.30,2026-09-28
AYE,4018.31,2026-09-28
AYMSYNTEX,1698.65,2026-09-28
AZAD,17639.16,2026-09-28
AZADIND,489.59,2026-09-28
BAFNAPH,893.82,2026-09-28
BAGFILMS,93.70,2026-09-28
BAIDFIN,166.01,2026-09-28
BAJAJ-AUTO,308906.44,2026-09-28
BAJAJCON,6339.00,2026-09-28
BAJAJELEC,3622.56,2026-09-28
BAJAJFINSV,280265.42,2026-09-28
BAJAJHCARE,1148.85,2026-09-28
BAJAJHFL,68625.29,2026-09-28
BAJAJHIND,4899.61,2026-09-28
BAJAJHLDNG,120754.10,2026-09-28
BAJAJINDEF,691.01,2026-09-28
BAJAJST,711.12,2026-09-28
BAJEL,1957.45,2026-09-28
BAJFINANCE,608406.07,2026-09-28
BALAJEE,206.81,2026-09-28
BALAJITELE,1138.49,2026-09-28
BALAMINES,7018.71,2026-09-28
BALAXI,119.25,2026-09-28
BALKRISHNA,54.22,2026-09-28
BALKRISIND,41539.65,2026-09-28
BALMLAWRIE,2784.01,2026-09-28
BALPHARMA,172.04,2026-09-28
BALRAMCHIN,14143.20,2026-09-28
BALUFORGE,5949.74,2026-09-28
BANARBEADS,81.44,2026-09-28
BANARISUG,4285.86,2026-09-28
BANCOINDIA,8483.68,2026-09-28
BANDHANBNK,29582.32,2026-09-28
BANG,43.75,2026-09-28
BANKA,97.15,2026-09-28
BANKBARODA,118922.18,2026-09-28
BANKINDIA,60229.95,2026-09-28
BANSALWIRE,5048.09,2026-09-28
BANSWRAS,370.95,2026-09-28
BASF,15150.60,2026-09-28
BASML,194.60,2026-09-28
BATAINDIA,8087.94,2026-09-28
BATLIBOI,396.90,2026-09-28
BAYERCROP,16444.02,2026-09-28
BBL,2413.80,2026-09-28
BBOX,14132.67,2026-09-28
BBTC,9914.35,2026-09-28
BBTCL,467.66,2026-09-28
BCG,1891.40,2026-09-28
BCLIND,977.10,2026-09-28
BCONCEPTS,182.59,2026-09-28
BCPL,115.52,2026-09-28
BDL,41026.93,2026-09-28
BEARDSELL,99.92,2026-09-28
BECTORFOOD,6578.47,2026-09-28
BEDMUTHA,362.84,2026-09-28
BEEKAY,808.63,2026-09-28
BEL,281596.64,2026-09-28
BELLACASA,358.15,2026-09-28
BELRISE,22000.41,2026-09-28
BEML,16551.96,2026-09-28
BENARAS,1326.03,2026-09-28
BENGALASM,6915.26,2026-09-28
BEPL,3118.13,2026-09-28
BERGEPAINT,53280.83,2026-09-28
BESTAGRO,632.37,2026-09-28
BETA,2221.66,2026-09-28
BFINVEST,1636.96,2026-09-28
BFUTILITIE,1951.98,2026-09-28
BGRENERGY,1933.98,2026-09-28
BHAGCHEM,3129.77,2026-09-28
BHAGERIA,1657.65,2026-09-28
BHAGYANGR,1350.00,2026-09-28
BHANDARI,94.33,2026-09-28
BHARATCOAL,14830.00,2026-09-28
BHARATFORG,94275.40,2026-09-28
BHARATGEAR,150.26,2026-09-28
BHARATRAS,1779.89,2026-09-28
BHARATSE,1330.40,2026-09-28
BHARATWIRE,1156.58,2026-09-28
BHARTIARTL,1084713.74,2026-09-28
BHARTIHEXA,72260.02,2026-09-28
BHEL,142957.96,2026-09-28
BI,232.58,2026-09-28
BIGBLOC,618.19,2026-09-28
BIKAJI,14159.85,2026-09-28
BIL,1348.85,2026-09-28
BILVYAPAR,13.01,2026-09-28
BIMETAL,246.49,2026-09-28
BIOCON,61119.01,2026-09-28
BIOFILCHEM,50.12,2026-09-28
BIRLACABLE,1060.08,2026-09-28
BIRLACORPN,6491.43,2026-09-28
BIRLAMONEY,657.08,2026-09-28
BIRLANU,1085.49,2026-09-28
BIRLAPREC,366.97,2026-09-28
BLACKBUCK,10997.19,2026-09-28
BLACKROSE,598.40,2026-09-28
BLAL,687.46,2026-09-28
BLBLIMITED,90.91,2026-09-28
BLEL,1863.64,2026-09-28
BLIL,1469.53,2026-09-28
BLISSGVS,7836.59,2026-09-28
BLKASHYAP,1194.44,2026-09-28
BLS,9121.93,2026-09-28
BLSE,2944.44,2026-09-28
BLUECHIP,11.06,2026-09-28
BLUECLOUDS,1738.43,2026-09-28
BLUECOAST,39.43,2026-09-28
BLUEDART,11169.10,2026-09-28
BLUEJET,9780.40,2026-09-28
BLUESTARCO,32191.98,2026-09-28
BLUESTONE,11894.03,2026-09-28
BLUSPRING,2350.94,2026-09-28
BMWVENTLTD,453.85,2026-09-28
BNAGROCHEM,2070.32,2026-09-28
BODALCHEM,2508.47,2026-09-28
BOHRAIND,32.46,2026-09-28
BOMDYEING,2236.45,2026-09-28
BONLON,67.59,2026-09-28
BORANA,751.46,2026-09-28
BOROLTD,3330.91,2026-09-28
BORORENEW,6329.50,2026-09-28
BOROSCI,1022.05,2026-09-28
BOSCH-HCIL,5014.62,2026-09-28
BOSCHLTD,139356.02,2026-09-28
BPCL,130404.91,2026-09-28
BPL,232.48,2026-09-28
BPLPHARMA,1479.08,2026-09-28
BRAHMINFRA,432.31,2026-09-28
BRIGADE,19138.50,2026-09-28
BRIGHOTEL,2105.02,2026-09-28
BRIGHTBR,139.85,2026-09-28
BRITANNIA,117342.63,2026-09-28
BRNL,151.30,2026-09-28
BROOKS,168.67,2026-09-28
BSE,129920.89,2026-09-28
BSHSL,892.71,2026-09-28
BSL,123.24,2026-09-28
BSOFT,7683.95,2026-09-28
BTML,113.35,2026-09-28
BTTL,233.85,2026-09-28
BUILDPRO,3042.05,2026-09-28
BURNPUR,25.25,2026-09-28
BUTTERFLY,1019.27,2026-09-28
BVCL,90.37,2026-09-28
BYKE,156.67,2026-09-28
CALSOFT,216.34,2026-09-28
CAMLINFINE,1846.83,2026-09-28
CAMPUS,6353.54,2026-09-28
CAMS,17340.45,2026-09-28
CANBK,110273.82,2026-09-28
CANFINHOME,9835.86,2026-09-28
CANHLIFE,13809.24,2026-09-28
CANTABIL,1943.46,2026-09-28
CAPACITE,1565.40,2026-09-28
CAPILLARY,4653.81,2026-09-28
CAPITALSFB,1266.72,2026-09-28
CAPLIPOINT,21448.91,2026-09-28
CAPTRUST,61.55,2026-09-28
CARBORUNIV,23895.80,2026-09-28
CARERATING,4883.63,2026-09-28
CARRARO,2992.57,2026-09-28
CARTRADE,14049.02,2026-09-28
CARYSIL,2997.09,2026-09-28
CASTROLIND,19990.27,2026-09-28
CCAVENUE,4959.27,2026-09-28
CCCL,614.14,2026-09-28
CCHHL,182.92,2026-09-28
CCL,13820.42,2026-09-28
CDSL,27182.03,2026-09-28
CEATLTD,12291.59,2026-09-28
CEIGALL,6298.75,2026-09-28
CEINSYS,1435.26,2026-09-28
CELEBRITY,43.17,2026-09-28
CELLO,7458.79,2026-09-28
CEMPRO,21349.48,2026-09-28
CENTENKA,1217.29,2026-09-28
CENTEXT,160.43,2026-09-28
CENTRALBK,27894.48,2026-09-28
CENTRUM,1026.43,2026-09-28
CENTUM,6885.18,2026-09-28
CENTURYPLY,15241.68,2026-09-28
CERA,6693.38,2026-09-28
CESC,18151.03,2026-09-28
CEWATER,540.00,2026-09-28
CFEL,115.09,2026-09-28
CGCL,24341.88,2026-09-28
CGPOWER,137480.60,2026-09-28
CGVAK,77.59,2026-09-28
CHALET,19131.58,2026-09-28
CHAMBLFERT,16711.85,2026-09-28
CHEMBOND,260.49,2026-09-28
CHEMBONDCH,668.27,2026-09-28
CHEMCON,811.40,2026-09-28
CHEMCRUX,117.98,2026-09-28
CHEMFAB,506.54,2026-09-28
CHEMPLASTS,3119.47,2026-09-28
CHENNPETRO,21172.01,2026-09-28
CHEVIOT,689.39,2026-09-28
CHOICEIN,15391.40,2026-09-28
CHOLAFIN,139626.29,2026-09-28
CHOLAHLDNG,26422.79,2026-09-28
CIEINDIA,14624.44,2026-09-28
CIFL,889.14,2026-09-28
CINELINE,304.18,2026-09-28
CINEVISTA,80.87,2026-09-28
CIPLA,112098.40,2026-09-28
CLCIND,44.83,2026-09-28
CLEAN,8394.85,2026-09-28
CLEANMAX,16160.61,2026-09-28
CLEDUCATE,278.44,2026-09-28
CLSEL,1438.93,2026-09-28
CMPDI,14659.29,2026-09-28
CMRGREEN,4781.98,2026-09-28
CMSINFO,3737.23,2026-09-28
CNL,1630.34,2026-09-28
COALINDIA,262573.56,2026-09-28
COASTCORP,242.25,2026-09-28
COCHINSHIP,35470.64,2026-09-28
COCKERILL,3920.62,2026-09-28
COFFEEDAY,630.00,2026-09-28
COFORGE,74474.15,2026-09-28
COHANCE,17385.54,2026-09-28
COLPAL,49946.57,2026-09-28
COMFINTE,223.21,2026-09-28
COMPEAU,164.41,2026-09-28
COMPUSOFT,104.65,2026-09-28
COMSYN,1137.05,2026-09-28
CONCOR,34253.04,2026-09-28
CONCORDBIO,14856.55,2026-09-28
CONFIPET,2905.97,2026-09-28
CONSOFINVT,898.67,2026-09-28
CONTROLPR,941.23,2026-09-28
CORALFINAC,126.44,2026-09-28
CORDELIA,745.88,2026-09-28
CORDSCABLE,429.97,2026-09-28
COROMANDEL,56645.87,2026-09-28
CORONA,12611.65,2026-09-28
COSMOFIRST,2189.45,2026-09-28
COUNCODOS,51.54,2026-09-28
CPCAP,278.81,2026-09-28
CPEDU,321.83,2026-09-28
CPL,381.43,2026-09-28
CPPLUS,43839.31,2026-09-28
CRAFTSMAN,25638.24,2026-09-28
CRAMC,4499.30,2026-09-28
CRAVATEX,93.18,2026-09-28
CREATIVEYE,12.68,2026-09-28
CREDITACC,20270.81,2026-09-28
CREST,1009.69,2026-09-28
CRESTO,24.22,2026-09-28
CRISIL,33561.54,2026-09-28
CRIZAC,3109.42,2026-09-28
CROMPTON,14015.14,2026-09-28
CROWN,132.27,2026-09-28
CRSL,94.91,2026-09-28
CSBBANK,5652.95,2026-09-28
CSLFINANCE,484.89,2026-09-28
CSM,507.42,2026-09-28
CTE,81.19,2026-09-28
CUB,21198.12,2026-09-28
CUBEXTUB,239.92,2026-09-28
CUMMINSIND,134916.43,2026-09-28
CUPID,35145.12,2026-09-28
CURAA,74.41,2026-09-28
CYBERMEDIA,39.95,2026-09-28
CYBERTECH,424.31,2026-09-28
CYIENT,11793.58,2026-09-28
CYIENTDLM,7271.85,2026-09-28
DABUR,68102.03,2026-09-28
DAICHI,246.03,2026-09-28
DALBHARAT,31252.65,2026-09-28
DALMIASUG,3853.19,2026-09-28
DAMCAPITAL,1149.38,2026-09-28
DAMODARIND,66.80,2026-09-28
DANGEE,45.54,2026-09-28
DATAMATICS,4745.11,2026-09-28
DATAPATTNS,24008.45,2026-09-28
DAVANGERE,331.12,2026-09-28
DBCORP,3208.94,2026-09-28
DBEIL,320.45,2026-09-28
DBL,5792.41,2026-09-28
DBOL,817.36,2026-09-28
DBREALTY,6105.70,2026-09-28
DBSTOCKBRO,110.58,2026-09-28
DCAL,2585.18,2026-09-28
DCBBANK,6688.43,2026-09-28
DCI,498.71,2026-09-28
DCM,139.41,2026-09-28
DCMFINSERV,11.48,2026-09-28
DCMNVL,326.87,2026-09-28
DCMSHRIRAM,14942.00,2026-09-28
DCMSIL,695.59,2026-09-28
DCMSRIND,335.14,2026-09-28
DCW,1408.13,2026-09-28
DCXINDIA,1775.00,2026-09-28
DDEVPLSTIK,2609.68,2026-09-28
DECCANCE,770.15,2026-09-28
DECNGOLD,4121.12,2026-09-28
DEEDEV,4576.04,2026-09-28
DEEP,107.15,2026-09-28
DEEPA,2013.52,2026-09-28
DEEPAKFERT,17026.43,2026-09-28
DEEPAKNTR,21327.15,2026-09-28
DEEPINDS,4930.90,2026-09-28
DELHIVERY,30336.67,2026-09-28
DELPHIFX,168.93,2026-09-28
DELTACORP,2008.48,2026-09-28
DELTAMAGNT,59.63,2026-09-28
DEN,1237.52,2026-09-28
DENORA,398.02,2026-09-28
DENTA,722.31,2026-09-28
DEVIT,122.83,2026-09-28
DEVX,333.50,2026-09-28
DEVYANI,16111.70,2026-09-28
DGCONTENT,136.33,2026-09-28
DHABRIYA,528.50,2026-09-28
DHAMPURSUG,1116.32,2026-09-28
DHANBANK,1123.32,2026-09-28
DHANUKA,4341.44,2026-09-28
DHARMAJ,979.78,2026-09-28
DHATRE,40.11,2026-09-28
DHOOTTRANS,31774.50,2026-09-28
DHRUV,41.34,2026-09-28
DHUNINV,596.28,2026-09-28
DIACABS,18139.51,2026-09-28
DIAMINESQ,249.99,2026-09-28
DIAMONDYD,2536.94,2026-09-28
DICIND,593.30,2026-09-28
DIFFNKG,1618.72,2026-09-28
DIGIDRIVE,70.59,2026-09-28
DIGISPICE,363.82,2026-09-28
DIGITIDE,1121.51,2026-09-28
DIGJAMLMTD,103.90,2026-09-28
DISHTV,445.78,2026-09-28
DIVGIITTS,3693.61,2026-09-28
DIVISLAB,254725.33,2026-09-28
DIXON,76107.77,2026-09-28
DJML,243.09,2026-09-28
DLF,164938.29,2026-09-28
DLINKINDIA,1485.36,2026-09-28
DMART,248351.18,2026-09-28
DMCC,762.80,2026-09-28
DNAMEDIA,33.59,2026-09-28
DODLA,6211.77,2026-09-28
DOLATALGO,1163.59,2026-09-28
DOLLAR,1522.05,2026-09-28
DOLLEX,144.66,2026-09-28
DOLPHIN,2666.54,2026-09-28
DOMS,12545.56,2026-09-28
DONEAR,429.99,2026-09-28
DPABHUSHAN,3161.98,2026-09-28
DPSCLTD,676.78,2026-09-28
DPWIRES,254.20,2026-09-28
DRAGARWQ,2504.97,2026-09-28
DRCSYSTEMS,178.90,2026-09-28
DREAMFOLKS,333.70,2026-09-28
DREDGECORP,2654.19,2026-09-28
DRREDDY,101554.83,2026-09-28
DSFCL,262.05,2026-09-28
DSKULKARNI,24.56,2026-09-28
DSSL,1305.12,2026-09-28
DTIL,146.96,2026-09-28
DUCON,65.27,2026-09-28
DVL,994.76,2026-09-28
DWARKESH,813.59,2026-09-28
DYCL,2141.09,2026-09-28
DYNAMATECH,8852.38,2026-09-28
DYNPRO,285.82,2026-09-28
E2E,12857.05,2026-09-28
EASEMYTRIP,2282.00,2026-09-28
EASTSILK,37.01,2026-09-28
EASTWEST,26.02,2026-09-28
EBGNG,7639.68,2026-09-28
EBIX,340.67,2026-09-28
ECLERX,17152.85,2026-09-28
ECORECO,793.91,2026-09-28
ECOSMOBLTY,637.52,2026-09-28
EDELWEISS,11759.80,2026-09-28
EFCIL,2535.47,2026-09-28
EICHERMOT,198344.34,2026-09-28
EIDPARRY,12471.83,2026-09-28
EIEL,3428.42,2026-09-28
EIFFL,656.87,2026-09-28
EIHAHOTELS,1774.98,2026-09-28
EIHOTEL,18134.78,2026-09-28
EIMCOELECO,1327.42,2026-09-28
EKC,1202.21,2026-09-28
EKI,266.44,2026-09-28
ELANTAS,10732.80,2026-09-28
ELDEHSG,705.46,2026-09-28
ELECON,10870.64,2026-09-28
ELECTCAST,4392.79,2026-09-28
ELECTHERM,1049.82,2026-09-28
ELGIEQUIP,18701.55,2026-09-28
ELGIRUBCO,264.65,2026-09-28
ELIN,427.79,2026-09-28
ELITECON,1390.69,2026-09-28
ELLEN,5108.26,2026-09-28
ELPROINTL,2914.56,2026-09-28
EMAMILTD,16656.41,2026-09-28
EMAMIPAP,730.17,2026-09-28
EMAMIREAL,351.72,2026-09-28
EMBDL,7914.70,2026-09-28
EMCURE,36546.46,2026-09-28
EMIL,7589.37,2026-09-28
EMKAY,760.65,2026-09-28
EMMBI,164.42,2026-09-28
EMMVEE,21930.55,2026-09-28
EMPIND,618.12,2026-09-28
EMPOWER,204.62,2026-09-28
EMSLIMITED,1901.93,2026-09-28
EMUDHRA,5394.53,2026-09-28
ENDURANCE,36991.74,2026-09-28
ENERGYDEV,71.13,2026-09-28
ENGINERSIN,17586.52,2026-09-28
ENIL,469.77,2026-09-28
ENKEIWHEL,720.53,2026-09-28
ENRIN,115296.42,2026-09-28
ENTERO,7686.79,2026-09-28
EPACK,1719.65,2026-09-28
EPACKPEB,2469.69,2026-09-28
EPIGRAL,4560.53,2026-09-28
EPL,7486.24,2026-09-28
EQUIPPP,229.08,2026-09-28
EQUITASBNK,7464.02,2026-09-28
ERIS,17147.75,2026-09-28
ESABINDIA,8511.80,2026-09-28
ESAFSFB,2268.07,2026-09-28
ESCORTS,30458.24,2026-09-28
ESSARSHPNG,331.02,2026-09-28
ESSENTIA,180.79,2026-09-28
ESTER,863.92,2026-09-28
ETERNAL,304612.00,2026-09-28
ETHOSLTD,6724.14,2026-09-28
EUREKAFORB,7105.67,2026-09-28
EUROBOND,367.82,2026-09-28
EUROPRATIK,2119.06,2026-09-28
EUROTEXIND,11.31,2026-09-28
EVEREADY,2323.15,2026-09-28
EVERESTIND,678.46,2026-09-28
EXCELINDUS,1185.57,2026-09-28
EXCELSOFT,980.82,2026-09-28
EXICOM,2190.04,2026-09-28
EXIDEIND,35238.40,2026-09-28
EXPLEOSOL,1351.76,2026-09-28
EXXARO,252.88,2026-09-28
FABTECH,635.55,2026-09-28
FACT,49164.87,2026-09-28
FAIRCHEMOR,846.58,2026-09-28
FAZE3Q,1034.72,2026-09-28
FCL,5355.07,2026-09-28
FCSSOFT,247.89,2026-09-28
FDC,5505.50,2026-09-28
FEDDERSHOL,1258.85,2026-09-28
FEDERALBNK,79807.37,2026-09-28
FEDFINA,5599.74,2026-09-28
FERMENTA,1393.69,2026-09-28
FIBERWEB,81.78,2026-09-28
FIEMIND,5077.98,2026-09-28
FILATEX,4907.64,2026-09-28
FILATFASH,146.63,2026-09-28
FINCABLES,21882.78,2026-09-28
FINEORG,15628.89,2026-09-28
FINKURVE,968.13,2026-09-28
FINOPB,1054.19,2026-09-28
FINPIPE,9365.26,2026-09-28
FIRSTCRY,9099.08,2026-09-28
FISCHER,2187.58,2026-09-28
FIVESTAR,15425.10,2026-09-28
FLAIR,2485.98,2026-09-28
FLEXITUFF,9.42,2026-09-28
FLUOROCHEM,47988.90,2026-09-28
FMGOETZE,2614.06,2026-09-28
FMNL,49.19,2026-09-28
FOCUS,380.88,2026-09-28
FOODSIN,387.90,2026-09-28
FORCEMOT,22517.71,2026-09-28
FORTIS,61862.10,2026-09-28
FOSECOIND,4751.85,2026-09-28
FRACTAL,12761.19,2026-09-28
FREDUN,2277.15,2026-09-28
FRONTSP,1699.24,2026-09-28
FSL,17729.03,2026-09-28
FUSION,2801.34,2026-09-28
GABRIEL,24129.17,2026-09-28
GAEL,7473.01,2026-09-28
GAIL,113223.69,2026-09-28
GAJA,1993.74,2026-09-28
GALAPREC,1441.72,2026-09-28
GALAXYSURF,7819.51,2026-09-28
GALLANTT,12999.01,2026-09-28
GANDHAR,2555.06,2026-09-28
GANDHITUBE,1172.64,2026-09-28
GANECOS,2721.68,2026-09-28
GANESHBE,989.92,2026-09-28
GANESHCP,632.60,2026-09-28
GANESHHOU,6017.01,2026-09-28
GANGAFORGE,23.15,2026-09-28
GANGESSECU,115.43,2026-09-28
GARFIBRES,7609.07,2026-09-28
GARUDA,1654.26,2026-09-28
GATECH,94.10,2026-09-28
GATECHDVR,63.16,2026-09-28
GATEWAY,2589.28,2026-09-28
GAUDIUMIVF,804.13,2026-09-28
GAYAHWS,43.37,2026-09-28
GAYAPROJ,1025.64,2026-09-28
GCSL,1565.77,2026-09-28
GEECEE,760.15,2026-09-28
GEEKAYWIRE,331.85,2026-09-28
GEMAROMA,795.22,2026-09-28
GENCON,212.50,2026-09-28
GENESYS,1706.23,2026-09-28
GENUSPAPER,263.02,2026-09-28
GENUSPOWER,8212.69,2026-09-28
GEOJITFSL,2218.72,2026-09-28
GESHIP,21899.66,2026-09-28
GFLLIMITED,615.33,2026-09-28
GFSTEELS,104.22,2026-09-28
GHCL,3755.45,2026-09-28
GHCLTEXTIL,1285.94,2026-09-28
GICHSGFIN,729.43,2026-09-28
GICL,283.43,2026-09-28
GICRE,58195.42,2026-09-28
GILLANDERS,226.50,2026-09-28
GILLETTE,22773.68,2026-09-28
GINNIFILA,358.70,2026-09-28
GIPCL,2875.68,2026-09-28
GKB,33.68,2026-09-28
GKENERGY,2469.14,2026-09-28
GKSL,1361.16,2026-09-28
GKWLIMITED,928.67,2026-09-28
GLAND,47838.89,2026-09-28
GLASSWALL,2398.08,2026-09-28
GLAXO,47817.18,2026-09-28
GLENMARK,66116.28,2026-09-28
GLFL,14.05,2026-09-28
GLOBAL,682.09,2026-09-28
GLOBALE,11.15,2026-09-28
GLOBALVECT,189.07,2026-09-28
GLOBE,111.02,2026-09-28
GLOBECIVIL,256.19,2026-09-28
GLOBUSSPR,2376.74,2026-09-28
GLOSTERLTD,602.73,2026-09-28
GLOTTIS,600.71,2026-09-28
GMBREW,2232.87,2026-09-28
GMDCLTD,16692.75,2026-09-28
GMMPFAUDLR,6721.20,2026-09-28
GMRAIRPORT,97008.18,2026-09-28
GMRP&UI,7744.24,2026-09-28
GNA,2566.02,2026-09-28
GNFC,9107.11,2026-09-28
GNRL,1548.50,2026-09-28
GOACARBON,371.76,2026-09-28
GOCLCORP,1862.31,2026-09-28
GOCOLORS,1627.98,2026-09-28
GODAVARIB,1192.55,2026-09-28
GODFRYPHLP,30326.22,2026-09-28
GODIGIT,24012.70,2026-09-28
GODREJAGRO,12535.05,2026-09-28
GODREJCP,88316.58,2026-09-28
GODREJIND,36545.65,2026-09-28
GODREJPROP,50354.74,2026-09-28
GOKEX,4965.79,2026-09-28
GOKUL,395.02,2026-09-28
GOKULAGRO,6404.29,2026-09-28
GOLDIAM,4785.56,2026-09-28
GOLDTECH,249.86,2026-09-28
GOODLUCK,5260.93,2026-09-28
GOODYEAR,1626.19,2026-09-28
GOPAL,3158.74,2026-09-28
GOYALALUM,91.01,2026-09-28
GPIL,13969.00,2026-09-28
GPPL,7765.72,2026-09-28
GPTHEALTH,1300.49,2026-09-28
GPTINFRA,1479.41,2026-09-28
GRADIENTE,10.22,2026-09-28
GRANDOAK,1776.65,2026-09-28
GRANULES,21286.95,2026-09-28
GRAPHITE,15611.63,2026-09-28
GRASIM,213532.97,2026-09-28
GRAUWEIL,3850.26,2026-09-28
GRAVISSHO,223.51,2026-09-28
GRAVITA,10785.47,2026-09-28
GREAVESCOT,5367.59,2026-09-28
GREENLAM,5625.33,2026-09-28
GREENPANEL,1961.56,2026-09-28
GREENPLY,3505.15,2026-09-28
GREENPOWER,1033.99,2026-09-28
GRINDWELL,21532.21,2026-09-28
GRINFRA,7780.98,2026-09-28
GRMOVER,1661.00,2026-09-28
GROBTEA,104.03,2026-09-28
GROWW,113017.03,2026-09-28
GRPLTD,1052.51,2026-09-28
GRSE,25753.83,2026-09-28
GRWRHITECH,15347.67,2026-09-28
GSFC,6107.77,2026-09-28
GSLSU,132.23,2026-09-28
GSPCROP,2268.18,2026-09-28
GSS,25.61,2026-09-28
GTECJAINX,28.25,2026-09-28
GTL,110.28,2026-09-28
GTLINFRA,1540.46,2026-09-28
GTPL,608.36,2026-09-28
GUFICBIO,4190.18,2026-09-28
GUJALKALI,4471.07,2026-09-28
GUJAPOLLO,540.91,2026-09-28
GUJENERGY,22067.34,2026-09-28
GUJTHEM,4374.60,2026-09-28
GULFOILLUB,5497.18,2026-09-28
GULFPETRO,298.81,2026-09-28
GULPOLY,1040.23,2026-09-28
GVKPIL,423.23,2026-09-28
GVPIL,4411.37,2026-09-28
GVPTECH,137.87,2026-09-28
GVT&D,107739.94,2026-09-28
GYFTR,1259.24,2026-09-28
HAL,317461.17,2026-09-28
HALDER,290.31,2026-09-28
HALDYNGL,824.48,2026-09-28
HALEOSLABS,450.74,2026-09-28
HAMPTON,232.54,2026-09-28
HAPPSTMNDS,4628.12,2026-09-28
HAPPYFORGE,19254.96,2026-09-28
HARDWYN,605.05,2026-09-28
HARIOMPIPE,1042.47,2026-09-28
HARRMALAYA,320.44,2026-09-28
HARSHA,4263.23,2026-09-28
HATHWAY,1688.75,2026-09-28
HATSUN,25082.47,2026-09-28
HAVELLS,67677.98,2026-09-28
HAVISHA,45.28,2026-09-28
HAWKINCOOK,4265.63,2026-09-28
HAZOOR,578.61,2026-09-28
HBESD,159.52,2026-09-28
HBLENGINE,22181.90,2026-09-28
HBPOR,66.05,2026-09-28
HBSL,39.60,2026-09-28
HCC,5597.29,2026-09-28
HCG,10281.10,2026-09-28
HCL-INSYS,328.37,2026-09-28
HCLTECH,336288.45,2026-09-28
HDBFS,53411.86,2026-09-28
HDFCAMC,99272.56,2026-09-28
HDFCBANK,1106581.94,2026-09-28
HDFCLIFE,114463.14,2026-09-28
HEADSUP,12.59,2026-09-28
HEALTHX,905.34,2026-09-28
HECPROJECT,121.54,2026-09-28
HEGAM,4615.73,2026-09-28
HEIDELBERG,3040.74,2026-09-28
HEMIPROP,3399.20,2026-09-28
HERANBA,736.90,2026-09-28
HERITGFOOD,3716.56,2026-09-28
HEROMOTOCO,106182.10,2026-09-28
HEROMOTORS,4825.18,2026-09-28
HESTERBIO,1851.69,2026-09-28
HEXAGON,771.15,2026-09-28
HEXATRADEX,867.47,2026-09-28
HEXT,29858.69,2026-09-28
HFCL,31129.49,2026-09-28
HGINFRA,2941.97,2026-09-28
HGM,52.83,2026-09-28
HGS,1727.79,2026-09-28
HIKAL,2635.26,2026-09-28
HILINFRA,282.89,2026-09-28
HILTON,85.99,2026-09-28
HIMATSEIDE,837.24,2026-09-28
HINDADH,195.62,2026-09-28
HINDALCO,214298.45,2026-09-28
HINDALUMI,58.06,2026-09-28
HINDCOMPOS,561.99,2026-09-28
HINDCON,114.11,2026-09-28
HINDCOPPER,46645.46,2026-09-28
HINDOILEXP,2302.62,2026-09-28
HINDPETRO,73441.20,2026-09-28
HINDUNILVR,447316.45,2026-09-28
HINDWAREAP,1422.07,2026-09-28
HINDZINC,244646.88,2026-09-28
HIRECT,4064.53,2026-09-28
HISARMETAL,82.70,2026-09-28
HITECH,1493.74,2026-09-28
HITECHCORP,577.02,2026-09-28
HITECHGEAR,1221.00,2026-09-28
HLEGLAS,2924.08,2026-09-28
HLVLTD,507.78,2026-09-28
HMAAGRO,1228.18,2026-09-28
HMVL,522.74,2026-09-28
HNDFDS,7375.80,2026-09-28
HOMEFIRST,11328.43,2026-09-28
HONASA,15249.47,2026-09-28
HONAUT,29742.14,2026-09-28
HONDAPOWER,1910.23,2026-09-28
HORIZONIND,14576.12,2026-09-28
HPAL,313.57,2026-09-28
HPIL,132.46,2026-09-28
HPL,1772.47,2026-09-28
HRYNSHP,59.52,2026-09-28
HSCL,33673.86,2026-09-28
HTEL,616.07,2026-09-28
HTMEDIA,548.64,2026-09-28
HUBTOWN,2388.33,2026-09-28
HUDCO,33984.32,2026-09-28
HUHTAMAKI,1782.05,2026-09-28
HYBRIDFIN,51.73,2026-09-28
HYUNDAI,168221.23,2026-09-28
IBULLSLTD,6423.38,2026-09-28
ICDSLTD,73.95,2026-09-28
ICEMAKE,1026.34,2026-09-28
ICICIAMC,155437.87,2026-09-28
ICICIBANK,934933.62,2026-09-28
ICICIGI,76367.78,2026-09-28
ICICIPRULI,65592.53,2026-09-28
ICIL,8688.90,2026-09-28
ICRA,4156.02,2026-09-28
IDBI,90725.74,2026-09-28
IDEA,148229.37,2026-09-28
IDEAFORGE,3150.90,2026-09-28
IDFCFIRSTB,70379.49,2026-09-28
IEX,9889.55,2026-09-28
IFBAGRO,796.39,2026-09-28
IFBIND,4920.75,2026-09-28
IFCI,19919.26,2026-09-28
IFGLEXPOR,1396.47,2026-09-28
IGARASHI,1306.17,2026-09-28
IGCL,372.90,2026-09-28
IGIL,13973.18,2026-09-28
IGL,20129.22,2026-09-28
IGPL,1811.18,2026-09-28
IIFL,25484.21,2026-09-28
IIFLCAPS,10767.33,2026-09-28
IITL,303.70,2026-09-28
IKIO,1562.31,2026-09-28
IKS,30008.07,2026-09-28
IMAGICAA,2911.46,2026-09-28
IMFA,6544.42,2026-09-28
IMPAL,1332.96,2026-09-28
INA,1977.99,2026-09-28
INCREDIBLE,153.67,2026-09-28
INDBANK,114.01,2026-09-28
INDGN,14494.99,2026-09-28
INDHOTEL,102186.87,2026-09-28
INDIACEM,14612.41,2026-09-28
INDIAGLYCO,2056.55,2026-09-28
INDIAMART,9763.36,2026-09-28
INDIANB,109986.20,2026-09-28
INDIANCARD,112.92,2026-09-28
INDIANHUME,1861.31,2026-09-28
INDIASHLTR,7012.73,2026-09-28
INDIGO,187356.29,2026-09-28
INDIGOPNTS,5322.12,2026-09-28
INDIQUBE,4151.66,2026-09-28
INDNIPPON,2985.74,2026-09-28
INDOAMIN,1066.88,2026-09-28
INDOBORAX,1407.08,2026-09-28
INDOCO,2311.68,2026-09-28
INDOFARM,647.48,2026-09-28
INDOKEM,1756.91,2026-09-28
INDORAMA,2627.97,2026-09-28
INDOSTAR,3453.60,2026-09-28
INDOTECH,3360.54,2026-09-28
INDOTHAI,397.58,2026-09-28
INDOUS,157.28,2026-09-28
INDOWIND,132.97,2026-09-28
INDRAMEDCO,3306.06,2026-09-28
INDSWFTLAB,3488.37,2026-09-28
INDTERRAIN,155.62,2026-09-28
INDUSINDBK,69500.27,2026-09-28
INDUSTOWER,97100.24,2026-09-28
INFOBEAN,1402.29,2026-09-28
INFOMEDIA,25.54,2026-09-28
INFY,401288.25,2026-09-28
INGERRAND,13224.19,2026-09-28
INNOVACAP,7412.71,2026-09-28
INNOVANA,620.95,2026-09-28
INNOVISION,514.90,2026-09-28
INOXGREEN,6790.67,2026-09-28
INOXINDIA,18677.41,2026-09-28
INOXWIND,12676.62,2026-09-28
INSECTICID,1741.45,2026-09-28
INSPIRISYS,341.41,2026-09-28
INTELLECT,8799.19,2026-09-28
INTENTECH,196.35,2026-09-28
INTERARCH,2888.00,2026-09-28
INTLCONV,511.42,2026-09-28
INVENTURE,92.26,2026-09-28
INVPRECQ,1497.17,2026-09-28
IOB,60880.08,2026-09-28
IOC,184646.76,2026-09-28
IOLCP,5824.52,2026-09-28
IONEXCHANG,4889.95,2026-09-28
IPCALAB,48919.45,2026-09-28
IPL,1521.63,2026-09-28
IPRINGLTD,179.68,2026-09-28
IRB,21059.13,2026-09-28
IRCON,9779.48,2026-09-28
IRCTC,36269.50,2026-09-28
IREDA,31673.54,2026-09-28
IRFC,103636.70,2026-09-28
IRIS,481.63,2026-09-28
IRISDOREME,1243.46,2026-09-28
IRMENERGY,1092.53,2026-09-28
ISFT,154.10,2026-09-28
ISGEC,6461.24,2026-09-28
ISHANCH,126.58,2026-09-28
ISTLTD,748.91,2026-09-28
ITC,333690.98,2026-09-28
ITCHOTELS,33064.48,2026-09-28
ITDC,5796.40,2026-09-28
ITI,23936.50,2026-09-28
ITL,117.38,2026-09-28
IVALUE,1213.78,2026-09-28
IVC,252.51,2026-09-28
IVP,237.11,2026-09-28
IWP,252.05,2026-09-28
IXIGO,6891.78,2026-09-28
IZMO,1318.93,2026-09-28
J&KBANK,15775.21,2026-09-28
JAGRAN,1354.38,2026-09-28
JAGSNPHARM,1599.56,2026-09-28
JAIBALAJI,5848.79,2026-09-28
JAICORPLTD,1599.72,2026-09-28
JAINREC,9721.38,2026-09-28
JAIPURKURT,48.38,2026-09-28
JAMNAAUTO,5594.69,2026-09-28
JARO,937.77,2026-09-28
JASH,3563.87,2026-09-28
JAYAGROGN,694.15,2026-09-28
JAYBARMARU,1308.74,2026-09-28
JAYKAY,2813.69,2026-09-28
JAYNECOIND,8550.90,2026-09-28
JAYSREETEA,253.78,2026-09-28
JBMA,13711.44,2026-09-28
JENBURPH,408.64,2026-09-28
JETFREIGHT,100.59,2026-09-28
JGCHEM,2419.43,2026-09-28
JHS,77.96,2026-09-28
JINDALPHOT,1078.20,2026-09-28
JINDALPOLY,3005.39,2026-09-28
JINDALSAW,17833.52,2026-09-28
JINDALSTEL,117008.50,2026-09-28
JINDRILL,1693.22,2026-09-28
JINDWORLD,4918.13,2026-09-28
JIOFIN,145823.28,2026-09-28
JISLDVREQS,1496.73,2026-09-28
JISLJALEQS,2167.09,2026-09-28
JITFINFRA,707.73,2026-09-28
JKCEMENT,38552.95,2026-09-28
JKIL,3530.48,2026-09-28
JKIPL,374.71,2026-09-28
JKLAKSHMI,6204.32,2026-09-28
JKPAPER,7265.34,2026-09-28
JKTYRE,9626.29,2026-09-28
JLHL,8609.66,2026-09-28
JMA,200.27,2026-09-28
JMFINANCIL,12106.54,2026-09-28
JNKINDIA,1911.38,2026-09-28
JNPR,15513.74,2026-09-28
JOCIL,130.29,2026-09-28
JPOLYINVST,994.99,2026-09-28
JPPOWER,10718.81,2026-09-28
JSFB,5304.10,2026-09-28
JSIPL,744.18,2026-09-28
JSL,61664.12,2026-09-28
JSLL,6256.73,2026-09-28
JSWCEMENT,15101.50,2026-09-28
JSWDULUX,14493.47,2026-09-28
JSWENERGY,86899.90,2026-09-28
JSWHL,12160.21,2026-09-28
JSWINFRA,74966.62,2026-09-28
JSWSTEEL,309578.37,2026-09-28
JTEKTINDIA,3289.69,2026-09-28
JTLIND,3323.21,2026-09-28
JUBLCPL,3251.49,2026-09-28
JUBLFOOD,31890.75,2026-09-28
JUBLINGREA,10303.24,2026-09-28
JUBLPHARMA,16745.84,2026-09-28
JUNIPER,4766.92,2026-09-28
JUSTDIAL,5627.58,2026-09-28
JWL,9559.04,2026-09-28
JYOTHYLAB,6957.27,2026-09-28
JYOTICNC,23675.54,2026-09-28
JYOTIRES,982.59,2026-09-28
JYOTISTRUC,1066.12,2026-09-28
KABRAEXTRU,3090.54,2026-09-28
KAJARIACER,19059.47,2026-09-28
KAKATCEM,83.52,2026-09-28
KALAMANDIR,1129.34,2026-09-28
KALPATARU,5737.78,2026-09-28
KALYANI,14.51,2026-09-28
KALYANIFRG,344.25,2026-09-28
KALYANKJIL,58143.50,2026-09-28
KAMAHOLD,7108.15,2026-09-28
KAMANWALA,24.58,2026-09-28
KAMATHOTEL,682.70,2026-09-28
KAMDHENU,1092.96,2026-09-28
KAMOPAINTS,135.55,2026-09-28
KANANIIND,25.99,2026-09-28
KANCHI,166.15,2026-09-28
KANCOTEA,28.46,2026-09-28
KANOHAR,6721.77,2026-09-28
KANORICHEM,861.18,2026-09-28
KANPRPLA,638.43,2026-09-28
KANSAINER,14491.56,2026-09-28
KAPSTON,1643.40,2026-09-28
KARAMTARA,11584.01,2026-09-28
KARMAENG,45.23,2026-09-28
KARURVYSYA,31078.40,2026-09-28
KAUSHALYA,28.07,2026-09-28
KAVDEFENCE,496.63,2026-09-28
KAYA,461.91,2026-09-28
KAYNES,24218.95,2026-09-28
KCP,2024.49,2026-09-28
KCPSUGIND,339.94,2026-09-28
KDDL,4996.24,2026-09-28
KDGREEN,356.56,2026-09-28
KEC,10396.90,2026-09-28
KECL,800.93,2026-09-28
KEEPLEARN,29.59,2026-09-28
KEI,43806.96,2026-09-28
KELLTONTEC,700.36,2026-09-28
KENNAMET,9197.25,2026-09-28
KERNEX,2792.28,2026-09-28
KESORAMIND,347.26,2026-09-28
KEYFINSERV,125.26,2026-09-28
KFINTECH,15200.65,2026-09-28
KHADIM,215.77,2026-09-28
KHAICHEM,474.11,2026-09-28
KHAITANLTD,68.56,2026-09-28
KHANDSE,25.01,2026-09-28
KICL,2131.51,2026-09-28
KILITCH,761.59,2026-09-28
KIMS,30472.57,2026-09-28
KINGFA,8604.11,2026-09-28
KIOCL,20481.21,2026-09-28
KIRANVYPAR,517.17,2026-09-28
KIRIINDUS,3491.75,2026-09-28
KIRLFER,7891.60,2026-09-28
KIRLOSBROS,13757.39,2026-09-28
KIRLOSENG,30639.17,2026-09-28
KIRLOSIND,3713.89,2026-09-28
KIRLPNU,4415.61,2026-09-28
KISSHT,5043.09,2026-09-28
KITEX,2314.20,2026-09-28
KJMCFIN,29.00,2026-09-28
KKCL,2891.73,2026-09-28
KLBRENG-B,2794.33,2026-09-28
KMCSHIL,2505.46,2026-09-28
KMEW,6944.11,2026-09-28
KMSUGAR,305.74,2026-09-28
KNACK,2169.41,2026-09-28
KNAGRI,505.30,2026-09-28
KNRCON,3331.44,2026-09-28
KOHINOOR,110.97,2026-09-28
KOKUYOCMLN,749.64,2026-09-28
KOLTEPATIL,3771.18,2026-09-28
KOPRAN,1379.86,2026-09-28
KOTAKBANK,395319.21,2026-09-28
KOTARISUG,214.26,2026-09-28
KOTHARIPET,779.07,2026-09-28
KOTHARIPRO,394.54,2026-09-28
KOTIC,1628.80,2026-09-28
KOTYARK,299.11,2026-09-28
KOVAI,6609.87,2026-09-28
KPEL,1534.61,2026-09-28
KPIGREEN,7899.88,2026-09-28
KPIL,23660.86,2026-09-28
KPITTECH,13880.14,2026-09-28
KPL,3699.10,2026-09-28
KPRMILL,37700.33,2026-09-28
KRBL,8878.67,2026-09-28
KREBSBIO,125.30,2026-09-28
KRIDHANINF,18.52,2026-09-28
KRISHANA,5700.20,2026-09-28
KRISHIVAL,827.47,2026-09-28
KRISHNADEF,1506.85,2026-09-28
KRITI,313.35,2026-09-28
KRITIKA,133.32,2026-09-28
KRITINUT,390.81,2026-09-28
KRN,8774.27,2026-09-28
KRONOX,772.58,2026-09-28
KROSS,1701.61,2026-09-28
KRSNAA,1742.72,2026-09-28
KRYSTAL,874.64,2026-09-28
KSB,13913.16,2026-09-28
KSCL,3945.19,2026-09-28
KSE,569.01,2026-09-28
KSHINTL,6688.79,2026-09-28
KSHITIJPOL,71.51,2026-09-28
KSL,4170.26,2026-09-28
KSOLVES,590.48,2026-09-28
KSR,71.75,2026-09-28
KTKBANK,12289.90,2026-09-28
KUANTUM,686.18,2026-09-28
KUSUMGAR,6550.41,2026-09-28
KWIL,9363.37,2026-09-28
LADDERUP,55.13,2026-09-28
LAGNAM,132.55,2026-09-28
LAHOTIOV,118.94,2026-09-28
LAKSHMIMIL,536.29,2026-09-28
LAL,145.57,2026-09-28
LALITHAA,19780.14,2026-09-28
LALPATHLAB,32248.42,2026-09-28
LAMBODHARA,143.04,2026-09-28
LANCER,402.52,2026-09-28
LANCORHOL,241.43,2026-09-28
LANDMARK,1988.99,2026-09-28
LANDSMILL,104.39,2026-09-28
LAOPALA,1757.84,2026-09-28
LASA,28.23,2026-09-28
LASERPOWER,3742.22,2026-09-28
LATENTVIEW,4988.06,2026-09-28
LATTEYS,121.46,2026-09-28
LAURUSLABS,108342.14,2026-09-28
LAXMICOT,22.23,2026-09-28
LAXMIDENTL,1077.59,2026-09-28
LAXMIINDIA,619.98,2026-09-28
LCCINFOTEC,69.19,2026-09-28
LCCPROJECT,4245.42,2026-09-28
LCL,6135.62,2026-09-28
LEAPIND,5183.97,2026-09-28
LEENEE,38.64,2026-09-28
LEMERITE,251.18,2026-09-28
LEMONTREE,8234.08,2026-09-28
LENSKART,114559.56,2026-09-28
LEXUS,24.94,2026-09-28
LFIC,39.00,2026-09-28
LGBBROSLTD,5533.44,2026-09-28
LGEINDIA,117508.55,2026-09-28
LGHL,918.14,2026-09-28
LIBAS,24.37,2026-09-28
LIBERTSHOE,393.13,2026-09-28
LICHSGFIN,31352.09,2026-09-28
LICI,507322.41,2026-09-28
LIKHITHA,886.47,2026-09-28
LINC,538.62,2026-09-28
LINCOLN,1173.67,2026-09-28
LINDEINDIA,53329.29,2026-09-28
LKPSEC,126.60,2026-09-28
LLOYDSENGG,13113.85,2026-09-28
LLOYDSENT,11769.72,2026-09-28
LLOYDSME,102768.12,2026-09-28
LMW,18117.45,2026-09-28
LODHA,113235.73,2026-09-28
LOKESHMACH,683.67,2026-09-28
LORDSCHLO,429.04,2026-09-28
LOTUSCHO,617.25,2026-09-28
LOTUSDEV,10479.44,2026-09-28
LOTUSEYE,235.25,2026-09-28
LOVABLE,103.24,2026-09-28
LOYALTEX,105.89,2026-09-28
LPDC,86.38,2026-09-28
LT,524414.96,2026-09-28
LTF,69979.03,2026-09-28
LTFOODS,14343.86,2026-09-28
LTM,120615.48,2026-09-28
LTTS,33551.37,2026-09-28
LUMAXIND,5292.93,2026-09-28
LUMAXTECH,13844.66,2026-09-28
LUMINO,3224.61,2026-09-28
LUPIN,94203.80,2026-09-28
LUXIND,3400.68,2026-09-28
LXCHEM,4972.96,2026-09-28
LYKALABS,304.85,2026-09-28
M&M,334191.17,2026-09-28
M&MFIN,45946.94,2026-09-28
MAANALU,608.08,2026-09-28
MACPOWER,2188.38,2026-09-28
MADHAV,31.11,2026-09-28
MADHAVIPL,203.49,2026-09-28
MADHUCON,30.25,2026-09-28
MADRASFERT,950.50,2026-09-28
MAFATIND,842.11,2026-09-28
MAGADSUGAR,772.27,2026-09-28
MAGNUM,131.30,2026-09-28
MAHABANK,63007.57,2026-09-28
MAHAPEXLTD,146.99,2026-09-28
MAHASTEEL,2015.27,2026-09-28
MAHEPC,274.56,2026-09-28
MAHESHWARI,211.51,2026-09-28
MAHLIFE,7487.61,2026-09-28
MAHLOG,4264.73,2026-09-28
MAHSCOOTER,14706.12,2026-09-28
MAHSEAMLES,9535.06,2026-09-28
MAITHANALL,2745.54,2026-09-28
MAJESAUT,380.51,2026-09-28
MAKERSL,111.49,2026-09-28
MALLCOM,588.04,2026-09-28
MALUPAPER,55.06,2026-09-28
MAMATA,994.27,2026-09-28
MANAKALUCO,233.09,2026-09-28
MANAKCOAT,1355.69,2026-09-28
MANAKSIA,411.86,2026-09-28
MANAKSTEEL,722.12,2026-09-28
MANALIPETC,1432.27,2026-09-28
MANAPPURAM,29768.54,2026-09-28
MANBA,696.65,2026-09-28
MANCREDIT,445.27,2026-09-28
MANGALAM,49.50,2026-09-28
MANGLMCEM,2786.58,2026-09-28
MANIKA,475.37,2026-09-28
MANINDS,7208.79,2026-09-28
MANINFRA,5234.69,2026-09-28
MANIPALHOS,93562.78,2026-09-28
MANKIND,100975.14,2026-09-28
MANOMAY,410.62,2026-09-28
MANORAMA,11144.74,2026-09-28
MANORG,385.27,2026-09-28
MANUGRAPH,57.37,2026-09-28
MANYAVAR,13062.87,2026-09-28
MAPMYINDIA,4751.97,2026-09-28
MARALOVER,249.18,2026-09-28
MARATHON,2542.75,2026-09-28
MARICO,104455.56,2026-09-28
MARINE,5950.41,2026-09-28
MARKOLINES,373.93,2026-09-28
MARKSANS,15377.00,2026-09-28
MARSONS,2121.50,2026-09-28
MARUTI,376131.21,2026-09-28
MASFIN,5082.93,2026-09-28
MASKINVEST,42.95,2026-09-28
MASTEK,4809.85,2026-09-28
MASTERTR,1032.94,2026-09-28
MATRIMONY,1091.47,2026-09-28
MAWANASUG,590.16,2026-09-28
MAXESTATES,9466.96,2026-09-28
MAXHEALTH,96781.00,2026-09-28
MAXIND,761.09,2026-09-28
MAYURUNIQ,3099.16,2026-09-28
MAZDA,573.12,2026-09-28
MAZDOCK,86848.73,2026-09-28
MBAPL,7280.05,2026-09-28
MBECL,1551.73,2026-09-28
MBEL,1469.15,2026-09-28
MBLINFRA,322.85,2026-09-28
MCCHRLS-B,888.13,2026-09-28
MCL,159.10,2026-09-28
MCLEODRUSS,459.94,2026-09-28
MCLOUD,1428.43,2026-09-28
MCX,84034.68,2026-09-28
MEDANTA,38779.34,2026-09-28
MEDIASSIST,2318.81,2026-09-28
MEDICAMEQ,513.95,2026-09-28
MEDICAPQ,31.29,2026-09-28
MEDICO,192.04,2026-09-28
MEDPLUS,7789.75,2026-09-28
MEESHO,103549.63,2026-09-28
MEGASTAR,282.24,2026-09-28
MEIL,746.27,2026-09-28
MENONBE,1677.69,2026-09-28
MERCANTILE,241.52,2026-09-28
MERCURYEV,695.86,2026-09-28
METROBRAND,23661.53,2026-09-28
METROGLOBL,162.81,2026-09-28
METROPOLIS,11778.64,2026-09-28
MFML,17.88,2026-09-28
MFSL,49361.21,2026-09-28
MGEL,514.76,2026-09-28
MGL,10371.03,2026-09-28
MHLXMIRU,182.63,2026-09-28
MHRIL,3979.42,2026-09-28
MICEL,838.11,2026-09-28
MIDHANI,7556.38,2026-09-28
MIDWESTLTD,3126.77,2026-09-28
MIIL,1486.98,2026-09-28
MILKYMIST,24474.09,2026-09-28
MINALIND,88.08,2026-09-28
MINDACORP,15889.03,2026-09-28
MINDTECK,491.74,2026-09-28
MIRZAINT,402.27,2026-09-28
MITCON,146.62,2026-09-28
MITTAL,32.93,2026-09-28
MKEXIM,280.83,2026-09-28
MKPL,137.89,2026-09-28
MLKFOOD,209.00,2026-09-28
MMFL,2919.11,2026-09-28
MMP,1140.57,2026-09-28
MMTC,8582.43,2026-09-28
MMWL,1645.24,2026-09-28
MOBIKWIK,1553.04,2026-09-28
MODINATUR,449.00,2026-09-28
MODIRUBBER,301.40,2026-09-28
MODIS,710.47,2026-09-28
MODISONLTD,1438.16,2026-09-28
MODTHREAD,166.43,2026-09-28
MOHITE,50.15,2026-09-28
MOHITIND,31.95,2026-09-28
MOIL,4890.04,2026-09-28
MOKSH,60.10,2026-09-28
MOL,1469.15,2026-09-28
MOLDTECH,575.35,2026-09-28
MOLDTKPAC,2180.02,2026-09-28
MOMSBELIEF,6.98,2026-09-28
MONARCH,2814.82,2026-09-28
MONEYBOXX,335.69,2026-09-28
MONTECARLO,1065.92,2026-09-28
MOREPENLAB,6754.79,2026-09-28
MOSCHIP,3771.31,2026-09-28
MOTHERSON,171394.02,2026-09-28
MOTILALOFS,61079.18,2026-09-28
MOTISONS,1782.78,2026-09-28
MOTOGENFIN,101.18,2026-09-28
MPDL,19.77,2026-09-28
MPHASIS,42145.23,2026-09-28
MPIMANIPAL,8417.98,2026-09-28
MPSLTD,4479.11,2026-09-28
MRF,52379.94,2026-09-28
MRPL,29745.14,2026-09-28
MSL,148.61,2026-09-28
MSPL,1878.10,2026-09-28
MSTCLTD,5060.25,2026-09-28
MSUMI,22795.42,2026-09-28
MTARTECH,21653.28,2026-09-28
MTEDUCARE,12.06,2026-09-28
MTNL,1488.15,2026-09-28
MUFIN,2575.30,2026-09-28
MUFTI,464.44,2026-09-28
MUKANDLTD,2473.99,2026-09-28
MUKESHB,77.49,2026-09-28
MUKKA,809.19,2026-09-28
MUKTAARTS,129.95,2026-09-28
MUNJALAU,1063.21,2026-09-28
MUNJALSHOW,512.99,2026-09-28
MURUDCERA,178.82,2026-09-28
MUTHOOTCAP,367.42,2026-09-28
MUTHOOTFIN,111505.04,2026-09-28
MUTHOOTMF,3004.81,2026-09-28
MVELECTRO,2181.12,2026-09-28
MVGJL,1072.30,2026-09-28
MWL,1270.80,2026-09-28
MYSORPETRO,81.19,2026-09-28
NACLIND,3205.15,2026-09-28
NAGREEKCAP,35.08,2026-09-28
NAGREEKEXP,71.89,2026-09-28
NAHARCAP,411.97,2026-09-28
NAHARINDUS,559.56,2026-09-28
NAHARPOLY,545.86,2026-09-28
NAHARSPING,969.92,2026-09-28
NAM-INDIA,71086.18,2026-09-28
NARMADA,197.27,2026-09-28
NATCAPSUQ,169.73,2026-09-28
NATCOPHARM,14763.05,2026-09-28
NATHBIOGEN,276.81,2026-09-28
NATIONALUM,63729.60,2026-09-28
NAUKRI,80982.74,2026-09-28
NAVA,15533.03,2026-09-28
NAVINFLUOR,43411.22,2026-09-28
NAVKARCORP,1324.13,2026-09-28
NAVKARURB,100.99,2026-09-28
NAVNETEDUL,2691.10,2026-09-28
NAZARA,14061.85,2026-09-28
NBCC,22023.99,2026-09-28
NBIFIN,566.74,2026-09-28
NCC,8201.87,2026-09-28
NCLIND,802.71,2026-09-28
NDGL,250.00,2026-09-28
NDL,396.54,2026-09-28
NDLVENTURE,358.52,2026-09-28
NDRAUTO,1726.28,2026-09-28
NDTV,789.34,2026-09-28
NEAGI,205.60,2026-09-28
NECCLTD,207.00,2026-09-28
NECLIFE,208.94,2026-09-28
NELCAST,1042.29,2026-09-28
NELCO,2163.24,2026-09-28
NEOGEN,6538.25,2026-09-28
NEPHROPLUS,6745.61,2026-09-28
NESCO,7438.88,2026-09-28
NESTLEIND,260618.22,2026-09-28
NETWEB,25713.66,2026-09-28
NETWORK18,4075.39,2026-09-28
NEUEON,687.28,2026-09-28
NEULANDLAB,27738.42,2026-09-28
NEWGEN,6775.20,2026-09-28
NEXTMEDIA,24.71,2026-09-28
NFL,3213.41,2026-09-28
NGIL,67.30,2026-09-28
NGLFINE,1721.48,2026-09-28
NH,37017.83,2026-09-28
NHPC,75524.55,2026-09-28
NIACL,28335.58,2026-09-28
NIBE,1856.34,2026-09-28
NIBL,78.50,2026-09-28
NICCOPAR,385.60,2026-09-28
NIITLTD,1191.13,2026-09-28
NIITMTS,2871.10,2026-09-28
NILAINFRA,280.56,2026-09-28
NILASPACES,450.05,2026-09-28
NILE,405.71,2026-09-28
NILKAMAL,2826.07,2026-09-28
NIMBSPROJ,380.58,2026-09-28
NINSYS,1326.82,2026-09-28
NIPPOBATRY,242.12,2026-09-28
NIRAJ,168.51,2026-09-28
NIRAJISPAT,18.10,2026-09-28
NIRLON,5486.79,2026-09-28
NITCO,2045.46,2026-09-28
NITINSPIN,3425.23,2026-09-28
NITIRAJ,225.05,2026-09-28
NITTAGELA,1558.17,2026-09-28
NIVABUPA,13748.77,2026-09-28
NKIND,35.80,2026-09-28
NLCINDIA,40573.34,2026-09-28
NMDC,69382.36,2026-09-28
NOCIL,3020.15,2026-09-28
NOIDATOLL,70.64,2026-09-28
NORBTEAEXP,107.02,2026-09-28
NORTHARC,4742.69,2026-09-28
NOVAAGRI,204.01,2026-09-28
NOVARTIND,4904.81,2026-09-28
NPST,3559.11,2026-09-28
NRAIL,1147.12,2026-09-28
NRBBEARING,5283.63,2026-09-28
NRL,1091.96,2026-09-28
NSIL,2780.12,2026-09-28
NSLNISP,12463.87,2026-09-28
NTCIND,194.36,2026-09-28
NTPC,312727.64,2026-09-28
NTPCGREEN,78400.20,2026-09-28
NUCLEUS,1736.56,2026-09-28
NURECA,337.27,2026-09-28
NUVAMA,29930.24,2026-09-28
NUVOCO,11824.74,2026-09-28
NYKAA,93389.53,2026-09-28
OAL,1776.70,2026-09-28
OBCL,123.34,2026-09-28
OBEROIRLTY,66882.63,2026-09-28
OCCLLTD,879.18,2026-09-28
ODIGMA,62.02,2026-09-28
ODYCORP,64.17,2026-09-28
OFSS,93023.05,2026-09-28
OIL,75710.07,2026-09-28
OILCOUNTUB,383.60,2026-09-28
OLAELEC,17091.20,2026-09-28
OLECTRA,9666.26,2026-09-28
OMAXAUTO,437.15,2026-09-28
OMAXE,2047.68,2026-09-28
OMFREIGHT,302.76,2026-09-28
OMINFRAL,751.72,2026-09-28
OMNI,6477.83,2026-09-28
OMPOWER,544.15,2026-09-28
ONEGLOBAL,1068.30,2026-09-28
ONELIFECAP,132.92,2026-09-28
ONEPOINT,1824.49,2026-09-28
ONESOURCE,18201.94,2026-09-28
ONGC,291825.66,2026-09-28
ONIDA,1218.36,2026-09-28
ONIXSOLAR,1279.96,2026-09-28
ONMOBILE,544.33,2026-09-28
ONWARDTEC,639.11,2026-09-28
OPTIEMUS,6962.32,2026-09-28
OPTIFIN,106.31,2026-09-28
ORBTEXP,599.12,2026-09-28
ORCHASP,37.52,2026-09-28
ORCHPHARMA,6326.09,2026-09-28
ORICONENT,820.13,2026-09-28
ORIENTALTL,27.00,2026-09-28
ORIENTBELL,585.40,2026-09-28
ORIENTCEM,2460.11,2026-09-28
ORIENTCER,577.62,2026-09-28
ORIENTELEC,3424.96,2026-09-28
ORIENTHOT,2455.31,2026-09-28
ORIENTLTD,79.26,2026-09-28
ORIENTPPR,351.38,2026-09-28
ORIENTTECH,1068.77,2026-09-28
ORIRAIL,813.87,2026-09-28
ORISSAMINE,2213.94,2026-09-28
ORKLAINDIA,7605.23,2026-09-28
ORTINGLOBE,12.01,2026-09-28
OSIAHYPER,40.27,2026-09-28
OSWALAGRO,458.32,2026-09-28
OSWALGREEN,500.04,2026-09-28
OSWALPUMPS,3007.67,2026-09-28
OSWALSEEDS,115.78,2026-09-28
PACEDIGITK,3555.22,2026-09-28
PACIFICI,93.14,2026-09-28
PAGEIND,41698.83,2026-09-28
PAISALO,7067.58,2026-09-28
PAKKA,330.64,2026-09-28
PALASHSECU,90.23,2026-09-28
PALREDTEC,56.06,2026-09-28
PANACEABIO,2223.74,2026-09-28
PANACHE,884.42,2026-09-28
PANAMAPET,2851.34,2026-09-28
PANCHMAHQ,571.14,2026-09-28
PANORAMA,1614.32,2026-09-28
PANSARI,493.47,2026-09-28
PAR,159.46,2026-09-28
PARACABLES,1775.46,2026-09-28
PARADEEP,16179.29,2026-09-28
PARAGMILK,3413.99,2026-09-28
PARAS,10538.19,2026-09-28
PARASPETRO,68.85,2026-09-28
PARIN,818.45,2026-09-28
PARKHOSPS,11321.57,2026-09-28
PARKHOTELS,2240.34,2026-09-28
PARNAXLAB,132.09,2026-09-28
PARSVNATH,91.32,2026-09-28
PASHUPATI,1239.35,2026-09-28
PASUPTAC,659.68,2026-09-28
PATANJALI,42917.44,2026-09-28
PATELENG,2716.87,2026-09-28
PATELRMART,678.71,2026-09-28
PATINTLOG,96.72,2026-09-28
PAUSHAKLTD,1605.21,2026-09-28
PAVNAIND,226.24,2026-09-28
PAYTM,105267.44,2026-09-28
PBMPOLY,42.61,2026-09-28
PCBL,13024.95,2026-09-28
PCJEWELLER,17107.86,2026-09-28
PDMJEPAPER,900.18,2026-09-28
PDSL,5069.41,2026-09-28
PEARLPOLY,29.62,2026-09-28
PENIND,2522.62,2026-09-28
PENINLAND,543.10,2026-09-28
PERMAGN,717.87,2026-09-28
PERNIASPOP,4235.23,2026-09-28
PERSISTENT,82866.59,2026-09-28
PETRONET,43812.89,2026-09-28
PFC,109354.36,2026-09-28
PFIZER,18186.80,2026-09-28
PFOCUS,25029.52,2026-09-28
PFS,1681.14,2026-09-28
PGEL,14628.49,2026-09-28
PGHH,22647.45,2026-09-28
PGHL,8833.12,2026-09-28
PGIL,6169.84,2026-09-28
PHOENIXLTD,69752.15,2026-09-28
PHOENXINTL,48.87,2026-09-28
PICCADIL,5977.30,2026-09-28
PIDILITIND,151648.68,2026-09-28
PIGL,197.52,2026-09-28
PIIND,35733.59,2026-09-28
PILANIINVS,4395.55,2026-09-28
PILITA,144.80,2026-09-28
PINELABS,20062.70,2026-09-28
PIONEEREMB,64.21,2026-09-28
PIONRINV,94.51,2026-09-28
PIRAMALFIN,47488.96,2026-09-28
PITTIENG,4246.46,2026-09-28
PIXTRANS,2362.54,2026-09-28
PKTEA,301.80,2026-09-28
PLASTIBLEN,526.96,2026-09-28
PLATIND,1133.40,2026-09-28
PLAZACABLE,251.19,2026-09-28
PML,149.27,2026-09-28
PNB,130773.74,2026-09-28
PNBGILTS,1327.37,2026-09-28
PNBHOUSING,28463.68,2026-09-28
PNC,24.28,2026-09-28
PNCINFRA,3401.57,2026-09-28
PNGJL,8010.08,2026-09-28
PNGSREVA,1636.88,2026-09-28
POCL,3506.51,2026-09-28
PODDARMENT,286.46,2026-09-28
POEL,440.92,2026-09-28
POKARNA,2238.47,2026-09-28
POLICYBZR,54173.61,2026-09-28
POLYCAB,123703.60,2026-09-28
POLYMED,16852.43,2026-09-28
POLYPLEX,3393.54,2026-09-28
POLYSPIN,30.94,2026-09-28
PONNIERODE,339.28,2026-09-28
POONAWALLA,39148.51,2026-09-28
POWERGRID,247054.31,2026-09-28
POWERICA,7116.55,2026-09-28
POWERINDIA,135730.68,2026-09-28
POWERMECH,7473.01,2026-09-28
PPAP,346.13,2026-09-28
PPL,614.50,2026-09-28
PPLPHARMA,27730.65,2026-09-28
PRABHA,3330.84,2026-09-28
PRADPME,826.71,2026-09-28
PRAENG,157.72,2026-09-28
PRAJIND,5737.90,2026-09-28
PRAKASH,2103.00,2026-09-28
PRAKASHSTL,59.02,2026-09-28
PRANAV,1112.71,2026-09-28
PRASOLCHEM,4361.23,2026-09-28
PRAVEG,669.49,2026-09-28
PRAXIS,87.97,2026-09-28
PRECAM,1114.61,2026-09-28
PRECOT,754.90,2026-09-28
PRECWIRE,8890.16,2026-09-28
PREMCO,130.79,2026-09-28
PREMEXPLN,3642.29,2026-09-28
PREMIER,8.50,2026-09-28
PREMIERENE,39602.20,2026-09-28
PREMIERPOL,977.30,2026-09-28
PRESTIGE,62935.37,2026-09-28
PRICOLLTD,9208.55,2026-09-28
PRIMESECU,1020.76,2026-09-28
PRIMO,693.45,2026-09-28
PRINCEPIPE,2860.92,2026-09-28
PRIORITY,554.90,2026-09-28
PRISMX,23.92,2026-09-28
PRITI,44.95,2026-09-28
PRITIKAUTO,304.81,2026-09-28
PRIVISCL,14129.42,2026-09-28
PROSTARM,812.12,2026-09-28
PROTEAN,2856.75,2026-09-28
PROZONER,844.15,2026-09-28
PRSMJOHNSN,5804.15,2026-09-28
PRUDENT,12984.52,2026-09-28
PRUDMOULI,44.27,2026-09-28
PSB,15108.39,2026-09-28
PSPPROJECT,3120.44,2026-09-28
PTC,4574.15,2026-09-28
PTCIL,32393.85,2026-09-28
PTL,503.91,2026-09-28
PUNJABCHEM,1303.36,2026-09-28
PURVA,5002.87,2026-09-28
PVP,1545.73,2026-09-28
PVRINOX,12042.85,2026-09-28
PVSL,706.58,2026-09-28
PWL,37385.87,2026-09-28
PYRAMID,586.39,2026-09-28
QMSMEDI,367.52,2026-09-28
QPOWER,11732.78,2026-09-28
QUADFUTURE,2220.60,2026-09-28
QUESS,5071.78,2026-09-28
QUICKHEAL,812.00,2026-09-28
QUINT,377.09,2026-09-28
QUINTEGRA,2.96,2026-09-28
RACE,228.75,2026-09-28
RACLGEAR,1953.76,2026-09-28
RADAAN,16.40,2026-09-28
RADHIKAJWE,815.66,2026-09-28
RADIANTCMS,376.74,2026-09-28
RADICO,60471.52,2026-09-28
RADIOCITY,202.55,2026-09-28
RAILTEL,8277.05,2026-09-28
RAIN,7217.54,2026-09-28
RAINBOW,13866.63,2026-09-28
RAJMET,86.27,2026-09-28
RAJOOENG,1077.76,2026-09-28
RAJPALAYAM,712.42,2026-09-28
RAJRATAN,2336.64,2026-09-28
RAJRILTD,1173.43,2026-09-28
RAJSREESUG,103.92,2026-09-28
RAJTV,59.88,2026-09-28
RALLIS,3885.11,2026-09-28
RAMANEWS,456.57,2026-09-28
RAMAPHO,435.46,2026-09-28
RAMASTEEL,750.05,2026-09-28
RAMBHAJO,1236.82,2026-09-28
RAMCOCEM,20222.61,2026-09-28
RAMCOIND,2713.30,2026-09-28
RAMCOSYS,2159.77,2026-09-28
RAMKY,2131.27,2026-09-28
RAMRAT,5303.91,2026-09-28
RANASUG,218.76,2026-09-28
RANEHOLDIN,2199.08,2026-09-28
RATEGAIN,9680.70,2026-09-28
RATNAMANI,19406.01,2026-09-28
RATNAVEER,2365.87,2026-09-28
RAYMOND,8082.01,2026-09-28
RAYMONDLSL,4114.91,2026-09-28
RAYMONDREL,4657.62,2026-09-28
RBA,5820.79,2026-09-28
RBLBANK,63010.83,2026-09-28
RBZJEWEL,760.74,2026-09-28
RCF,5916.68,2026-09-28
RCOM,244.07,2026-09-28
RECLTD,80813.34,2026-09-28
REDINGTON,31373.84,2026-09-28
REDTAPE,6583.04,2026-09-28
REFEX,3816.86,2026-09-28
REGAAL,894.10,2026-09-28
REGENCERAM,88.16,2026-09-28
RELAXO,7249.10,2026-09-28
RELCHEMQ,89.08,2026-09-28
RELIABLE,149.39,2026-09-28
RELIANCE,1632380.78,2026-09-28
RELIGARE,7947.82,2026-09-28
RELINFRA,1809.87,2026-09-28
RELTD,2665.41,2026-09-28
REMSONSIND,445.59,2026-09-28
RENTOMOJO,5186.53,2026-09-28
RENUKA,4932.63,2026-09-28
REPCOHOME,2143.05,2026-09-28
REPL,108.42,2026-09-28
REPRO,483.79,2026-09-28
RESPONIND,4349.35,2026-09-28
RETAIL,19.63,2026-09-28
RGL,1771.81,2026-09-28
RHETAN,1214.37,2026-09-28
RHIM,8002.70,2026-09-28
RHL,293.02,2026-09-28
RICOAUTO,1715.22,2026-09-28
RIIL,1038.26,2026-09-28
RIR,1501.51,2026-09-28
RISHABH,2770.73,2026-09-28
RITCO,796.00,2026-09-28
RITES,9443.73,2026-09-28
RKDL,42.05,2026-09-28
RKEC,57.62,2026-09-28
RKFORGE,12942.88,2026-09-28
RKSWAMY,443.88,2026-09-28
RMC,225.36,2026-09-28
RMDRIP,1011.48,2026-09-28
RML,3689.94,2026-09-28
RNBDENIMS,237.01,2026-09-28
ROHLTD,831.10,2026-09-28
ROLEXRINGS,5252.59,2026-09-28
ROLLT,137.82,2026-09-28
ROML,63.20,2026-09-28
ROSSARI,2429.53,2026-09-28
ROSSELLIND,195.52,2026-09-28
ROSSTECH,5110.92,2026-09-28
ROTO,1188.99,2026-09-28
ROUTE,2874.14,2026-09-28
RPEL,7824.67,2026-09-28
RPGLIFE,4911.68,2026-09-28
RPOWER,8404.00,2026-09-28
RPPINFRA,260.57,2026-09-28
RPPL,145.06,2026-09-28
RPSGVENT,2788.95,2026-09-28
RPTECH,5757.82,2026-09-28
RRECL,314.16,2026-09-28
RRIL,185.87,2026-09-28
RRKABEL,27967.83,2026-09-28
RSDFIN,127.91,2026-09-28
RSL,1418.71,2026-09-28
RSSOFTWARE,79.94,2026-09-28
RSWM,1007.99,2026-09-28
RSYSTEMS,3119.38,2026-09-28
RTNINDIA,3614.63,2026-09-28
RTNPOWER,3520.26,2026-09-28
RTSPOWR,114.96,2026-09-28
RUBFILA,340.96,2026-09-28
RUBICON,27120.00,2026-09-28
RUBYMILLS,1667.71,2026-09-28
RUCHINFRA,146.02,2026-09-28
RUCHIRA,307.12,2026-09-28
RUDRA,193.17,2026-09-28
RUPA,1058.19,2026-09-28
RUSHIL,456.37,2026-09-28
RUSTOMJEE,4518.79,2026-09-28
RVHL,235.00,2026-09-28
RVNL,42897.20,2026-09-28
RVTH,204.31,2026-09-28
S&SPOWER,389.73,2026-09-28
SAATVIKGL,5413.25,2026-09-28
SAB,258.62,2026-09-28
SADBHAV,128.97,2026-09-28
SADBHIN,91.30,2026-09-28
SADHNANIQ,794.54,2026-09-28
SAFARI,7063.57,2026-09-28
SAGARDEEP,39.46,2026-09-28
SAGCEM,1618.67,2026-09-28
SAGILITY,20545.20,2026-09-28
SAHLIBHFI,234.75,2026-09-28
SAHYADRI,393.31,2026-09-28
SAICAPI,41.79,2026-09-28
SAIL,76097.21,2026-09-28
SAILIFE,33639.09,2026-09-28
SAIPARENT,2235.47,2026-09-28
SAKAR,2476.13,2026-09-28
SAKHTISUG,228.08,2026-09-28
SAKSOFT,1826.51,2026-09-28
SAKUMA,228.16,2026-09-28
SALASAR,765.44,2026-09-28
SALONA,144.49,2026-09-28
SALSTEEL,1380.64,2026-09-28
SALZERELEC,941.20,2026-09-28
SAMBANDAM,45.35,2026-09-28
SAMBHAAV,110.51,2026-09-28
SAMBHV,4544.80,2026-09-28
SAMHI,2465.38,2026-09-28
SAMMAANCAP,15843.06,2026-09-28
SAMPANN,118.94,2026-09-28
SANATHAN,4442.60,2026-09-28
SANDESH,779.66,2026-09-28
SANDHAR,3508.48,2026-09-28
SANDUMA,8882.77,2026-09-28
SANGAMIND,3083.29,2026-09-28
SANGHVIMOV,3927.77,2026-09-28
SANOFI,7159.22,2026-09-28
SANOFICONR,8986.61,2026-09-28
SANSERA,28119.48,2026-09-28
SANSTAR,1961.73,2026-09-28
SAPPHIRE,6922.21,2026-09-28
SAPPL,253.57,2026-09-28
SARDAEN,17302.46,2026-09-28
SAREGAMA,9411.14,2026-09-28
SARLAPOLY,794.23,2026-09-28
SARVESHWAR,409.53,2026-09-28
SASKEN,2545.06,2026-09-28
SATIA,667.18,2026-09-28
SATIN,2526.90,2026-09-28
SAURASHCEM,617.43,2026-09-28
SAYAJIHOTL,571.10,2026-09-28
SAYAJIIND,317.52,2026-09-28
SBC,2646.01,2026-09-28
SBCL,6471.75,2026-09-28
SBFC,9605.94,2026-09-28
SBGLP,405.31,2026-09-28
SBICARD,56501.20,2026-09-28
SBIFUNDS,106648.29,2026-09-28
SBILIFE,173722.51,2026-09-28
SBIN,891931.65,2026-09-28
SCANSTL,316.05,2026-09-28
SCHAEFFLER,62521.57,2026-09-28
SCHAND,508.49,2026-09-28
SCHNEIDER,28525.88,2026-09-28
SCI,12773.31,2026-09-28
SCILAL,1725.86,2026-09-28
SCODATUBES,790.13,2026-09-28
SCPL,664.32,2026-09-28
SDBL,1537.68,2026-09-28
SEAMECLTD,4285.72,2026-09-28
SECMARK,148.03,2026-09-28
SECURKLOUD,56.76,2026-09-28
SEDEMAC,15354.85,2026-09-28
SEIL,2943.71,2026-09-28
SEJALLTD,760.87,2026-09-28
SEKURITIND,1006.73,2026-09-28
SELMC,83.16,2026-09-28
SEMAC,78.23,2026-09-28
SENCO,5212.06,2026-09-28
SENORES,6296.90,2026-09-28
SEPC,931.96,2026-09-28
SERVOTECH,1581.61,2026-09-28
SESHAPAPER,1463.28,2026-09-28
SETCO,250.12,2026-09-28
SETL,8115.54,2026-09-28
SEYAIND,37.02,2026-09-28
SFL,6942.83,2026-09-28
SGFIN,3859.43,2026-09-28
SGIL,1015.48,2026-09-28
SGL,0.42,2026-09-28
SGLRES,52.23,2026-09-28
SGMART,9300.46,2026-09-28
SGRL,879.86,2026-09-28
SHADOWFAX,16185.03,2026-09-28
SHAH,280.94,2026-09-28
SHAHALLOYS,184.86,2026-09-28
SHAILY,14179.05,2026-09-28
SHAKTIPUMP,5677.99,2026-09-28
SHALBY,1592.22,2026-09-28
SHALPAINTS,631.10,2026-09-28
SHANKARA,307.04,2026-09-28
SHANKESH,1371.07,2026-09-28
SHANTI,6.31,2026-09-28
SHANTIGEAR,4873.06,2026-09-28
SHANTIGOLD,2242.40,2026-09-28
SHARDACROP,6621.30,2026-09-28
SHARDAMOTR,5514.19,2026-09-28
SHARDUL,485.47,2026-09-28
SHAREINDIA,4530.37,2026-09-28
SHBAJRG,150.19,2026-09-28
SHEKHAWATI,98.95,2026-09-28
SHEMAROO,359.51,2026-09-28
SHERVANI,94.94,2026-09-28
SHILCTECH,4630.06,2026-09-28
SHILGRAVQ,87.22,2026-09-28
SHILPAMED,19804.54,2026-09-28
SHINDL,631.03,2026-09-28
SHIPROCKET,8680.00,2026-09-28
SHIVAAGRO,37.69,2026-09-28
SHIVACEM,451.86,2026-09-28
SHIVALIK,649.04,2026-09-28
SHIVAMAUTO,229.05,2026-09-28
SHIVAMILLS,52.06,2026-09-28
SHIVATEX,218.17,2026-09-28
SHIVAUM,697.63,2026-09-28
SHK,1931.44,2026-09-28
SHOPERSTOP,4041.17,2026-09-28
SHRADDHA,595.61,2026-09-28
SHRADHA,238.54,2026-09-28
SHREDIGCEM,994.32,2026-09-28
SHREECEM,79899.86,2026-09-28
SHREEJISPG,12365.07,2026-09-28
SHREEPUSHK,1613.91,2026-09-28
SHREERAMA,622.25,2026-09-28
SHREYANIND,179.41,2026-09-28
SHRIKRISH,98.03,2026-09-28
SHRINGARMS,2111.88,2026-09-28
SHRIPISTON,20745.50,2026-09-28
SHRIRAMFIN,226590.94,2026-09-28
SHRIRAMPPS,1194.87,2026-09-28
SHRJAGP,563.73,2026-09-28
SHUKRAPHAR,2476.37,2026-09-28
SHYAMCENT,100.18,2026-09-28
SHYAMMETL,29577.43,2026-09-28
SHYAMTEL,12.65,2026-09-28
SICAGEN,212.61,2026-09-28
SICALLOG,638.91,2026-09-28
SIEL,40.53,2026-09-28
SIEMENS,135502.55,2026-09-28
SIGACHI,1088.64,2026-09-28
SIGIND,211.92,2026-09-28
SIGMA,463.03,2026-09-28
SIGMAADV,16222.39,2026-09-28
SIGNATURE,10682.92,2026-09-28
SIGNPOST,1434.13,2026-09-28
SIKA,2187.52,2026-09-28
SIKKO,292.01,2026-09-28
SIL,106.05,2026-09-28
SILGO,169.63,2026-09-28
SILINV,470.33,2026-09-28
SILVERTUC,1913.75,2026-09-28
SIMPLEXINF,1946.03,2026-09-28
SINCLAIR,405.00,2026-09-28
SINDHUTRAD,3580.36,2026-09-28
SINTERCOM,213.89,2026-09-28
SIRCA,2329.65,2026-09-28
SIS,5437.89,2026-09-28
SIYSIL,2425.82,2026-09-28
SJS,7294.62,2026-09-28
SJVN,20775.35,2026-09-28
SKFINDIA,7526.00,2026-09-28
SKFINDUS,14367.42,2026-09-28
SKIPPER,6110.61,2026-09-28
SKMEGGPROD,1122.74,2026-09-28
SKYGOLD,12574.86,2026-09-28
SKYWAYS,1432.61,2026-09-28
SMARTLINK,209.50,2026-09-28
SMARTWORKS,5921.17,2026-09-28
SMCGLOBAL,2063.41,2026-09-28
SMLMAH,9485.11,2026-09-28
SMLT,83.42,2026-09-28
SMSPHARMA,4388.08,2026-09-28
SNOWMAN,577.55,2026-09-28
SOBHA,12924.52,2026-09-28
SOFTTECH,684.05,2026-09-28
SOLARA,3369.03,2026-09-28
SOLARINDS,175331.52,2026-09-28
SOLARWORLD,1156.61,2026-09-28
SOLEX,753.69,2026-09-28
SOMANYCERA,2550.80,2026-09-28
SOMATEX,263.51,2026-09-28
SOMICONVEY,104.46,2026-09-28
SONACOMS,50966.65,2026-09-28
SONAL,113.93,2026-09-28
SONAMLTD,275.42,2026-09-28
SONATSOFTW,7584.29,2026-09-28
SOTL,4754.86,2026-09-28
SOUTHBANK,12680.46,2026-09-28
SOUTHWEST,559.07,2026-09-28
SPAL,2419.24,2026-09-28
SPANDANA,1765.26,2026-09-28
SPARC,6637.91,2026-09-28
SPCENET,182.83,2026-09-28
SPECIALITY,734.07,2026-09-28
SPECTRUM,5655.21,2026-09-28
SPELS,577.34,2026-09-28
SPENCERS,248.46,2026-09-28
SPIC,1297.94,2026-09-28
SPLIL,89.16,2026-09-28
SPLPETRO,16354.87,2026-09-28
SPMLINFRA,1358.99,2026-09-28
SPORTKING,2675.48,2026-09-28
SRD,251.95,2026-09-28
SREEL,655.02,2026-09-28
SRF,73903.86,2026-09-28
SRGHFL,227.83,2026-09-28
SRHHYPOLTD,983.55,2026-09-28
SRIKPRIND,56.30,2026-09-28
SRM,939.50,2026-09-28
SRTL,113.99,2026-09-28
SSDL,321.39,2026-09-28
SSRETAIL,5290.07,2026-09-28
SSWL,5997.65,2026-09-28
STALLION,2582.73,2026-09-28
STANLEY,831.66,2026-09-28
STAR,10676.97,2026-09-28
STARCEMENT,7430.87,2026-09-28
STARHEALTH,32880.80,2026-09-28
STARPAPER,241.94,2026-09-28
STARTECK,267.80,2026-09-28
STCINDIA,642.60,2026-09-28
STEAMHOUSE,3027.48,2026-09-28
STEELCAS,3783.83,2026-09-28
STEELCITY,122.48,2026-09-28
STEELXIND,1392.37,2026-09-28
STEL,1144.80,2026-09-28
STERTOOLS,820.55,2026-09-28
STLNETWORK,2578.44,2026-09-28
STLSTRINF,20.22,2026-09-28
STLTECH,39595.53,2026-09-28
STOVEKRAFT,2677.46,2026-09-28
STUDDS,1592.30,2026-09-28
STYL,5973.54,2026-09-28
STYLAMIND,5573.74,2026-09-28
STYLEBAAZA,2927.95,2026-09-28
STYRENIX,3605.23,2026-09-28
SUBEXLTD,1141.43,2026-09-28
SUBROS,4622.04,2026-09-28
SUDARCOLOR,900.16,2026-09-28
SUDARSCHEM,9484.77,2026-09-28
SUDEEPPHRM,12924.04,2026-09-28
SUKHJITS,496.06,2026-09-28
SULA,1090.33,2026-09-28
SUMEDHA,35.87,2026-09-28
SUMEETINDS,726.58,2026-09-28
SUMICHEM,21697.83,2026-09-28
SUMIT,236.88,2026-09-28
SUMMITSEC,1460.16,2026-09-28
SUNCLAY,2722.43,2026-09-28
SUNDARAM,53.55,2026-09-28
SUNDARMFIN,48465.53,2026-09-28
SUNDRMBRAK,272.41,2026-09-28
SUNDRMFAST,24714.02,2026-09-28
SUNDROP,2799.13,2026-09-28
SUNFLAG,8021.65,2026-09-28
SUNLOC,72.96,2026-09-28
SUNPHARMA,441036.81,2026-09-28
SUNRAKSHAK,1137.90,2026-09-28
SUNSHIEL,1012.72,2026-09-28
SUNSHINE,1357.46,2026-09-28
SUNTECK,4045.21,2026-09-28
SUNTV,20573.50,2026-09-28
SUPERHOUSE,142.19,2026-09-28
SUPERSPIN,44.15,2026-09-28
SUPRAJIT,6634.46,2026-09-28
SUPREME,118.76,2026-09-28
SUPREMEIND,44639.56,2026-09-28
SUPREMEINF,782.20,2026-09-28
SUPRIYA,8012.19,2026-09-28
SUPTANERY,101.14,2026-09-28
SURAJEST,1004.80,2026-09-28
SURAJLTD,363.12,2026-09-28
SURAKSHA,1750.62,2026-09-28
SURANASOL,124.20,2026-09-28
SURANAT&P,213.41,2026-09-28
SURYALA,165.56,2026-09-28
SURYALAXMI,106.25,2026-09-28
SURYAROSNI,4850.66,2026-09-28
SURYODAY,1550.49,2026-09-28
SUTLEJTEX,632.40,2026-09-28
SUVEN,8530.64,2026-09-28
SUVIDHAA,46.69,2026-09-28
SUYOG,747.70,2026-09-28
SUZLON,55466.80,2026-09-28
SVGLOBAL,264.29,2026-09-28
SVLL,962.02,2026-09-28
SVPGLOB,40.78,2026-09-28
SWANCORP,9127.86,2026-09-28
SWANDEF,13832.59,2026-09-28
SWARAJ,925.54,2026-09-28
SWARAJENG,4277.39,2026-09-28
SWARNSAR,84.72,2026-09-28
SWELECTES,897.01,2026-09-28
SWIGGY,69185.78,2026-09-28
SWISSMLTRY,322.96,2026-09-28
SWSOLAR,4055.98,2026-09-28
SYMBIOTEC,6677.82,2026-09-28
SYMPHONY,4140.03,2026-09-28
SYNCOMF,2105.29,2026-09-28
SYNGENE,15379.77,2026-09-28
SYRMA,34000.09,2026-09-28
SYSTMTXC,1070.54,2026-09-28
TAALTECH,1651.73,2026-09-28
TAINWALCHM,173.91,2026-09-28
TAJGVK,2493.91,2026-09-28
TAKE,223.75,2026-09-28
TALBROAUTO,2667.69,2026-09-28
TAMBOLIIN,290.51,2026-09-28
TANAA,907.45,2026-09-28
TANLA,6571.10,2026-09-28
TARACHAND,376.41,2026-09-28
TARAPUR,23.20,2026-09-28
TARC,3729.46,2026-09-28
TARIL,8149.15,2026-09-28
TARMAT,145.94,2026-09-28
TARSONS,1780.40,2026-09-28
TASTYBITE,2453.62,2026-09-28
TATACAP,139476.17,2026-09-28
TATACHEM,16443.06,2026-09-28
TATACOMM,46806.66,2026-09-28
TATACONSUM,95104.59,2026-09-28
TATAELXSI,19776.49,2026-09-28
TATAINVEST,32878.44,2026-09-28
TATAPOWER,115819.52,2026-09-28
TATASTEEL,233330.71,2026-09-28
TATATECH,28554.44,2026-09-28
TATVA,4094.93,2026-09-28
TBOTEK,18050.17,2026-09-28
TBZ,4205.75,2026-09-28
TCI,6666.70,2026-09-28
TCIEXP,1930.59,2026-09-28
TCIFINANCE,18.98,2026-09-28
TCPLPACK,3639.76,2026-09-28
TCS,743709.33,2026-09-28
TDPOWERSYS,11182.93,2026-09-28
TEAMGTY,218.90,2026-09-28
TEAMLEASE,1949.63,2026-09-28
TECHM,135599.30,2026-09-28
TECHNOCRAF,454.05,2026-09-28
TECHNOE,11526.48,2026-09-28
TECHNVISN,2560.53,2026-09-28
TECILCHEM,17.20,2026-09-28
TEGA,15331.42,2026-09-28
TEJASNET,8785.97,2026-09-28
TEMBO,1100.44,2026-09-28
TEMPSENS,4389.48,2026-09-28
TENNIND,20537.19,2026-09-28
TERAI,79.79,2026-09-28
TERASOFT,266.89,2026-09-28
TEXINFRA,1494.08,2026-09-28
TEXMOPIPES,163.58,2026-09-28
TEXRAIL,5049.33,2026-09-28
TFCILTD,6486.33,2026-09-28
TFL,71.09,2026-09-28
TGBHOTELS,26.30,2026-09-28
TGVSL,1322.96,2026-09-28
THACKER,106.08,2026-09-28
THAKDEV,122.35,2026-09-28
THANGAMAYL,15706.53,2026-09-28
THEINVEST,481.66,2026-09-28
THEJO,2359.14,2026-09-28
THELEELA,18221.10,2026-09-28
THEMISMED,1110.55,2026-09-28
THERMAX,38023.38,2026-09-28
THOMASCOOK,4768.28,2026-09-28
THOMASCOTT,347.74,2026-09-28
THYROCARE,9024.99,2026-09-28
TI,14148.21,2026-09-28
TICL,114.58,2026-09-28
TIGERLOGS,247.27,2026-09-28
TIIL,6693.33,2026-09-28
TIINDIA,47894.52,2026-09-28
TIJARIA,19.28,2026-09-28
TIL,1950.94,2026-09-28
TIMETECHNO,9067.14,2026-09-28
TIMEX,7379.87,2026-09-28
TIMKEN,23655.78,2026-09-28
TINNARUBR,1728.33,2026-09-28
TIPSFILMS,153.54,2026-09-28
TIPSMUSIC,8497.13,2026-09-28
TIRUMALCHM,1875.28,2026-09-28
TIRUPATIFL,934.91,2026-09-28
TITAGARH,11097.61,2026-09-28
TITAN,428591.46,2026-09-28
TMB,13625.43,2026-09-28
TMCV,159272.52,2026-09-28
TMPV,104883.33,2026-09-28
TNPETRO,1152.68,2026-09-28
TNPL,1019.99,2026-09-28
TNTELE,54.11,2026-09-28
TOKYOPLAST,69.81,2026-09-28
TOLINS,346.40,2026-09-28
TORNTPHARM,186738.13,2026-09-28
TORNTPOWER,62328.18,2026-09-28
TOTAL,112.71,2026-09-28
TOUCHWOOD,63.75,2026-09-28
TOYAMSL,46.80,2026-09-28
TPHQ,56.05,2026-09-28
TPLPLASTEH,505.68,2026-09-28
TRACXN,342.06,2026-09-28
TRANSCOR,78.29,2026-09-28
TRANSPEK,725.77,2026-09-28
TRANSRAILL,6114.54,2026-09-28
TRANSWORLD,357.90,2026-09-28
TRAVELFOOD,15848.65,2026-09-28
TREEHOUSE,25.75,2026-09-28
TREJHARA,336.37,2026-09-28
TREL,686.98,2026-09-28
TRENT,140164.70,2026-09-28
TRF,233.09,2026-09-28
TRIDENT,11678.26,2026-09-28
TRIGYN,164.44,2026-09-28
TRITONV,565.48,2026-09-28
TRITURBINE,17679.00,2026-09-28
TRIVENI,5210.91,2026-09-28
TRU,50.52,2026-09-28
TRUALT,3847.87,2026-09-28
TSFINV,9814.46,2026-09-28
TTKHLTCARE,1442.63,2026-09-28
TTKPRESTIG,7048.35,2026-09-28
TTL,162.13,2026-09-28
TTML,7127.25,2026-09-28
TURTLEMINT,2154.75,2026-09-28
TUTIALKA,686.50,2026-09-28
TVSELECT,710.11,2026-09-28
TVSHLTD,25405.84,2026-09-28
TVSMOTOR,195050.31,2026-09-28
TVSSCS,5690.72,2026-09-28
TVSSRICHAK,3431.10,2026-09-28
TVTODAY,631.17,2026-09-28
TVVISION,11.85,2026-09-28
UBL,32258.50,2026-09-28
UCAL,308.63,2026-09-28
UCOBANK,29723.72,2026-09-28
UDAYJEW,565.92,2026-09-28
UDS,1387.74,2026-09-28
UEL,2522.68,2026-09-28
UFBL,2705.59,2026-09-28
UFLEX,4717.87,2026-09-28
UFO,233.30,2026-09-28
UGARSUGAR,744.12,2026-09-28
UGROCAP,1244.11,2026-09-28
UJJIVANSFB,12533.43,2026-09-28
ULTRACEMCO,323733.32,2026-09-28
ULTRAMAR,1246.81,2026-09-28
UMAEXPORTS,69.75,2026-09-28
UMESLTD,9.03,2026-09-28
UMIYA-MRO,177.74,2026-09-28
UNICHEMLAB,3828.76,2026-09-28
UNIDT,470.89,2026-09-28
UNIECOM,965.97,2026-09-28
UNIENTER,1275.47,2026-09-28
UNIINFO,11.40,2026-09-28
UNIMECH,8270.61,2026-09-28
UNIONBANK,133518.52,2026-09-28
UNIPARTS,3812.76,2026-09-28
UNITDSPR,100539.17,2026-09-28
UNITECH,1046.91,2026-09-28
UNITEDPOLY,1058.22,2026-09-28
UNITEDTEA,214.78,2026-09-28
UNIVAFOODS,13.57,2026-09-28
UNIVASTU,493.09,2026-09-28
UNIVCABLES,4994.92,2026-09-28
UNIVPHOTO,604.97,2026-09-28
UNOMINDA,68855.59,2026-09-28
UPHOT,811.53,2026-09-28
UPL,45508.33,2026-09-28
URAVIDEF,117.10,2026-09-28
URBANCO,25311.51,2026-09-28
URJA,485.88,2026-09-28
USHAMART,15492.88,2026-09-28
USK,105.73,2026-09-28
UTIAMC,11462.60,2026-09-28
UTKARSHBNK,2436.86,2026-09-28
UTLSOLAR,12505.64,2026-09-28
UTTAMSUGAR,1139.67,2026-09-28
UYFINCORP,377.66,2026-09-28
V2RETAIL,7690.87,2026-09-28
VADILALIND,5383.60,2026-09-28
VADILENT,879.93,2026-09-28
VAIBHAVGBL,3364.22,2026-09-28
VAISHALI,111.68,2026-09-28
VAKRANGEE,558.93,2026-09-28
VALIANTLAB,662.55,2026-09-28
VALIANTORG,1107.54,2026-09-28
VAML,164058.55,2026-09-28
VARDHACRLC,353.31,2026-09-28
VARDMNPOLY,282.68,2026-09-28
VARROC,13075.16,2026-09-28
VASCONEQ,774.07,2026-09-28
VASUPRADA,78.53,2026-09-28
VASWANI,150.99,2026-09-28
VBL,145117.83,2026-09-28
VCL,22.70,2026-09-28
VEDAVAAG,53.27,2026-09-28
VEDL,102101.51,2026-09-28
VEDPOWER,12686.08,2026-09-28
VEEDOL,2343.04,2026-09-28
VEEGALAND,687.86,2026-09-28
VELJAN,895.54,2026-09-28
VENKEYS,2341.88,2026-09-28
VENTIVE,13073.22,2026-09-28
VENUSPIPES,4433.85,2026-09-28
VENUSREM,2239.24,2026-09-28
VERANDA,2292.06,2026-09-28
VERTOZ,283.00,2026-09-28
VESUVIUS,7834.85,2026-09-28
VETO,284.00,2026-09-28
VGCL,106.65,2026-09-28
VGL,340.88,2026-09-28
VGUARD,13296.90,2026-09-28
VHL,1066.76,2026-09-28
VHLTD,945.46,2026-09-28
VIDHIING,1713.85,2026-09-28
VIDYAWIRES,1963.54,2026-09-28
VIJAYA,15324.20,2026-09-28
VIJIFIN,261.37,2026-09-28
VIJSOLX,210.24,2026-09-28
VIKASECO,110.53,2026-09-28
VIKASLIFE,232.44,2026-09-28
VIKRAMSOLR,5757.26,2026-09-28
VIKRAN,1530.30,2026-09-28
VIMTALABS,2653.26,2026-09-28
VINATIORGA,12363.39,2026-09-28
VINCOFE,2638.95,2026-09-28
VINDHYATEL,3102.72,2026-09-28
VINEETLAB,58.23,2026-09-28
VINNY,39.12,2026-09-28
VINYLINDIA,407.10,2026-09-28
VIPCLOTHNG,193.98,2026-09-28
VIPIND,4254.26,2026-09-28
VIPULLTD,140.61,2026-09-28
VIRAT,522.68,2026-09-28
VIRINCHI,167.91,2026-09-28
VIRTUALG,31.50,2026-09-28
VISACHROME,479.74,2026-09-28
VISAKAIND,772.92,2026-09-28
VISHNU,4620.44,2026-09-28
VISHWARAJ,117.67,2026-09-28
VISL,12554.19,2026-09-28
VITAL,126.25,2026-09-28
VIVIANA,732.36,2026-09-28
VIVIDHA,15.51,2026-09-28
VIVIMEDLAB,45.12,2026-09-28
VIVOBIOT,39.61,2026-09-28
VIYASH,10449.77,2026-09-28
VLEGOV,120.23,2026-09-28
VLSFINANCE,741.50,2026-09-28
VMART,6015.70,2026-09-28
VMM,47891.27,2026-09-28
VMSTMT,231.81,2026-09-28
VOEPL,1597.26,2026-09-28
VOGL,13101.14,2026-09-28
VOITHPAPR,630.48,2026-09-28
VOLTAMP,10818.86,2026-09-28
VOLTAS,37159.83,2026-09-28
VPRPL,389.17,2026-09-28
VRAJ,422.88,2026-09-28
VRLLOG,5027.87,2026-09-28
VSSL,3963.40,2026-09-28
VSTIND,3470.47,2026-09-28
VSTL,210.34,2026-09-28
VSTTILLERS,3774.29,2026-09-28
VTL,15663.79,2026-09-28
VTMLTD,431.13,2026-09-28
WAAREEENER,70735.66,2026-09-28
WAAREEINDO,912.78,2026-09-28
WAAREERTL,8635.65,2026-09-28
WABAG,12455.78,2026-09-28
WAKEFIT,4595.06,2026-09-28
WALCHANNAG,1421.69,2026-09-28
WANBURY,778.30,2026-09-28
WARDINMOBI,165.45,2026-09-28
WATERBASE,182.59,2026-09-28
WCIL,957.76,2026-09-28
WEALTH,883.51,2026-09-28
WEBELSOLAR,3129.42,2026-09-28
WEIZMANIND,112.64,2026-09-28
WEL,976.91,2026-09-28
WELCORP,72447.28,2026-09-28
WELENT,10030.28,2026-09-28
WELINV,889.53,2026-09-28
WELSPUNLIV,21354.26,2026-09-28
WENDT,1708.70,2026-09-28
WESTLIFE,8513.00,2026-09-28
WEWIN,48.77,2026-09-28
WEWORK,8917.59,2026-09-28
WHBRADY,114.68,2026-09-28
WHEELS,5688.60,2026-09-28
WHIRLPOOL,11583.83,2026-09-28
WILLAMAGOR,25.15,2026-09-28
WINDLAS,2345.60,2026-09-28
WINDMACHIN,2734.84,2026-09-28
WIPL,175.86,2026-09-28
WIPRO,168583.67,2026-09-28
WOCKPHARMA,35640.27,2026-09-28
WONDERLA,3208.95,2026-09-28
WORTHPERI,230.75,2026-09-28
WSI,447.20,2026-09-28
WSTCSTPAPR,4752.13,2026-09-28
XCHANGING,671.17,2026-09-28
XELPMOC,136.08,2026-09-28
XPROINDIA,2722.01,2026-09-28
XTGLOBAL,396.79,2026-09-28
YASHO,4998.50,2026-09-28
YATHARTH,10746.88,2026-09-28
YATRA,1750.26,2026-09-28
YESBANK,68122.35,2026-09-28
YOGI,731.29,2026-09-28
YUKEN,1489.71,2026-09-28
ZAGGLE,2366.01,2026-09-28
ZEEL,7399.17,2026-09-28
ZEELEARN,219.93,2026-09-28
ZEEMEDIA,469.49,2026-09-28
ZENITHEXPO,109.73,2026-09-28
ZENITHSTL,76.26,2026-09-28
ZENSARTECH,9868.77,2026-09-28
ZENTEC,14763.08,2026-09-28
ZFCVINDIA,26540.58,2026-09-28
ZFSTEERING,662.79,2026-09-28
ZIMLAB,730.15,2026-09-28
ZODIACLOTH,191.00,2026-09-28
ZOTA,4580.56,2026-09-28
ZSARACOM,1101.31,2026-09-28
ZUARI,910.44,2026-09-28
ZUARIIND,837.01,2026-09-28
ZYDUSLIFE,123108.77,2026-09-28
ZYDUSWELL,16458.43,2026-09-28
